titulo,autor,portada,tagline
Los hábitos secretos de los genios,Craig Wright,https://is1-ssl.mzstatic.com/image/thumb/Publication122/v4/85/77/b0/8577b0f2-3a45-e840-f08e-638cbd60818a/9780062892720.jpg/626x0w.jpg,Los 14 rasgos de las mentes más brillantes de la historia
Think Again,Adam Grant,https://is1-ssl.mzstatic.com/image/thumb/Publication126/v4/77/2b/28/772b28ee-2bff-dddf-312b-e6ee7fa271e8/9781984878113.d.jpg/626x0w.jpg,The power of knowing what you don't know
Rejection Proof,Jia Jiang,https://is1-ssl.mzstatic.com/image/thumb/Publication118/v4/e0/90/f2/e090f237-a113-0def-3523-29651e6089f1/9780804141390.jpg/626x0w.jpg,How I Beat Fear and Became Invincible Through 100 Days of Rejection
Can't Hurt Me,David Goggins,https://is1-ssl.mzstatic.com/image/thumb/Publication112/v4/f5/b5/88/f5b58852-0ca0-090d-23f7-852f49263755/9781544512266.jpg/626x0w.jpg,Domina tu mente y desafía las probabilidades
La Buena Vida,Robert Waldinger,https://is1-ssl.mzstatic.com/image/thumb/Publication126/v4/d3/8c/25/d38c2571-313b-0169-2957-927fcefe9737/9788408271536.jpg/626x0w.jpg,El mayor estudio mundial para responder a la pregunta más importante de todas: ¿Qué nos hace felices?
La ciencia del éxito,Napoleon Hill,https://is1-ssl.mzstatic.com/image/thumb/Publication122/v4/23/4f/0b/234f0bcd-6265-5ee3-8dc3-d84fc463292d/9786073817684.jpg/626x0w.jpg,El curso magistral de Napoleón Hill
El poder de la concentración absoluta,Dandapani,https://is1-ssl.mzstatic.com/image/thumb/Publication126/v4/d9/7b/22/d97b22e5-bf04-0347-be42-e292765dca7f/9788411191036.jpg/626x0w.jpg,Herramientas Prácticas Para Curarse de la Distracción Y Vivir Con Alegría Y Propósito
El cisne negro,Nassim Nicholas Taleb,https://is1-ssl.mzstatic.com/image/thumb/Publication221/v4/bf/05/29/bf052975-7092-ce71-db39-5660f32a0282/9788449328176.jpg/626x0w.jpg,El impacto de lo altamente improbable
Conciencia,Osho,https://is1-ssl.mzstatic.com/image/thumb/Publication126/v4/7d/23/e0/7d23e0e5-321f-3470-c7da-ef731aaa2614/9788425345135.jpg/626x0w.jpg,La clave para vivir en equilibrio
En pocas palabras,Ben Guttmann,https://is1-ssl.mzstatic.com/image/thumb/Publication211/v4/9e/e5/10/9ee5108e-27f8-b9a3-c350-56662b551ebb/9786073849791.jpg/626x0w.jpg,Por qué los mensajes claros ganan y cómo diseñarlos
Las cuatro puertas,Jorge Benito,https://is1-ssl.mzstatic.com/image/thumb/Publication126/v4/d6/36/5e/d6365e07-f9fc-3b70-0e13-2220db0fde41/9786070794339.jpg/626x0w.jpg,Cómo encontrar el coraje y el sentido en un mundo cada vez más delirante
Suficiente,John C. Bogle,https://is1-ssl.mzstatic.com/image/thumb/Publication112/v4/3f/c0/bc/3fc0bc78-b53f-721b-34f8-3dad493cb9fb/9788419251077.jpeg/626x0w.jpg,Reflexiones sobre el dinero los negocios y la vida
Steve Jobs, Walter Isaacson,https://is1-ssl.mzstatic.com/image/thumb/Publication114/v4/59/7e/03/597e0370-4d18-cc3d-09e3-3e7c6434e168/9781451648553.jpg/626x0w.jpg,La Biografía
Sesgos Inconscientes,Pamela Fuller,https://is1-ssl.mzstatic.com/image/thumb/Publication116/v4/67/5f/fd/675ffd96-0a8a-73e2-4005-106db15deaa9/9786073836296.jpg/626x0w.jpg, Cómo reformularlos cultivar conexiones y crear equipos de alto rendimiento
El libro de los 5 anillos,Miyamoto Musashi,https://is1-ssl.mzstatic.com/image/thumb/Publication128/v4/36/8a/f1/368af195-4b40-408b-54be-d070bbebc91e/9788441438941.jpg/626x0w.jpg,Adéntrate en el mundo de la estrategia y la filosofía samurái
Einstein para despistados,Allan Percy,https://is1-ssl.mzstatic.com/image/thumb/Publication123/v4/4f/d4/33/4fd43350-abcd-6548-a29c-e6989b7a5a55/9786073180825.jpg/626x0w.jpg,Soluciones atómicas para problemas relativamente graves
Máximo Rendimiento,Brad Stulberg,https://is1-ssl.mzstatic.com/image/thumb/Publication123/v4/e7/de/87/e7de8764-4c77-ead7-ef8b-8da06b2e4ce6/1029631734.jpg/626x0w.jpg,Sube de nivel evita el agotamiento y prospera con la nueva ciencia del éxito
Ansiedad,Augusto Cury,https://is1-ssl.mzstatic.com/image/thumb/Publication113/v4/4b/79/63/4b796311-7a4d-be38-8f4b-a6815ba3ac7b/1027936184.jpg/626x0w.jpg,Cómo enfrentar el mal del siglo
Grit,Angela Duckworth,https://is1-ssl.mzstatic.com/image/thumb/Publication111/v4/26/fe/71/26fe7112-1523-0907-371c-9d5080db8387/9788416715381.jpeg/626x0w.jpg,El poder de la pasión y la perseverancia
El gato que amaba los libros,Sosuke Natsukawa,https://is1-ssl.mzstatic.com/image/thumb/Publication126/v4/f4/5e/85/f45e85d8-1348-3e47-3054-43dbd0a28cfc/9788425360329.jpg/626x0w.jpg,Un homenaje a las librerías a los libros y a todos aquellos que los aman
Principios,Ray Dalio,https://is1-ssl.mzstatic.com/image/thumb/Publication112/v4/5f/19/28/5f192861-58ac-370d-0880-e177eda4dc25/9788423430079.jpg/626x0w.jpg,Principios de vida y trabajo con el objetivo de mejorar la toma de decisiones y alcanzar el éxito 
Lo que nunca cambia en un mundo cambiante,Morgan Housel,https://is1-ssl.mzstatic.com/image/thumb/Publication116/v4/4b/a0/20/4ba02068-a80a-6933-5008-190ad2baef7f/9788408285502.jpg/626x0w.jpg,23 lecciones atemporales para nuestra vida personal y financiera
Sin filtro,Sarah Frier,https://is1-ssl.mzstatic.com/image/thumb/Publication126/v4/22/19/01/221901bb-8836-7a74-5ad2-e6bd055f10be/9788417992217.jpg/626x0w.jpg,La historia secreta de Instagram
Relentless,Tim S. Grover,https://is1-ssl.mzstatic.com/image/thumb/Publication115/v4/58/eb/7e/58eb7e2f-81fe-32a5-95d5-ee6728a5d7e9/9781476714219.jpg/626x0w.jpg,From good to great to unstoppable
Optimal,Daniel Goleman,https://is1-ssl.mzstatic.com/image/thumb/Publication116/v4/de/76/16/de76166b-f792-9945-8b0d-01ef9ef37c0b/9786073841566.jpg/626x0w.jpg,Cómo alcanzar la excelencia personal y laboral todos los días
Timeboxing,Marc Zao-Sanders,https://is1-ssl.mzstatic.com/image/thumb/Publication211/v4/26/c3/4b/26c34bb3-e2c4-edb2-92a0-d437e210e268/9788410159792.jpeg/626x0w.jpg,The Power of Doing One Thing at a Time
Descubre tu abracadabra,Eva Sandoval,https://is1-ssl.mzstatic.com/image/thumb/Publication116/v4/f6/51/a4/f651a4dc-a841-27fb-deef-c5857c112ca5/9786073907330.jpg/626x0w.jpg,El arte de crear con la palabra una vida poderosa
La inteligencia que asusta,Mo Gawdat,https://is1-ssl.mzstatic.com/image/thumb/Publication116/v4/14/03/be/1403be84-1f13-d710-3cd4-3191caf1b234/9788449342141.jpg/626x0w.jpg,El futuro de la inteligencia artificial y cómo podemos salvar nuestro mundo
Good to great,Jim Collins,https://is1-ssl.mzstatic.com/image/thumb/Publication/bd/62/e0/mzi.ruipsrer.jpg/626x0w.jpg,Why Some Companies Make the Leap...And Others Don't
Cuerpo Cuántico,Deepak Chopra,https://is1-ssl.mzstatic.com/image/thumb/Publication116/v4/1d/57/3d/1d573d04-3859-52b7-0692-115aa6a733b0/9786073840378.jpg/626x0w.jpg,La nueva ciencia para una vida más larga sana y vital
Las 6 hormonas que van a revolucionar tu vida,David JP Phillips,https://is1-ssl.mzstatic.com/image/thumb/Publication211/v4/09/27/1c/09271c7d-6da9-79ed-d06d-a26cbcbe77a1/9786073917995.jpg/626x0w.jpg,Dopamina Oxitocina Serotonina Cortisol Endorfinas Testosterona
El libro del Niksen,Olga Mecking,https://is1-ssl.mzstatic.com/image/thumb/Publication122/v4/bd/fe/5b/bdfe5b9c-ad86-4e3e-dd3f-b7316ccfe995/9788408249016.jpg/626x0w.jpg,Descubre el secreto holandés para ser feliz sin hacer nada
El poder del instinto,Leslie Zane,https://is1-ssl.mzstatic.com/image/thumb/Publication221/v4/d7/9c/62/d79c626d-8877-dfb9-230b-6c6cc7ea15ba/9786073854375.jpg/626x0w.jpg,Desafía las ideas convencionales del marketing y aprende cómo acceder al cerebro oculto de tu cliente para crear una red de conexiones que impulse a laspersonas a comprar tu producto empresa o visión
Millonario en un fin de semana,Noah Kagan,https://is1-ssl.mzstatic.com/image/thumb/Publication221/v4/84/56/ab/8456ab8e-fb24-ee10-2af1-38caa59ba179/9781529192711.jpg/626x0w.jpg,Es hora de saltar el único obstáculo entre tú y una empresa de un millón de dólares
Tiende tu cama,William H. McRaven,https://is1-ssl.mzstatic.com/image/thumb/Publication112/v4/d2/e2/47/d2e2479e-fed9-5ebf-5084-7a286a1ce089/9786070745133.jpg/626x0w.jpg,valorar la compañía aceptar que el mundo no es justo afrontar el fracaso no darse por vencido y tender la cama
Bruce Lee, John Little,https://is1-ssl.mzstatic.com/image/thumb/Publication124/v4/99/21/a4/9921a403-0f7b-b1fe-78a4-d7720d4a6cf5/9788418223167.jpg/626x0w.jpg,un artista de la vida
El líder que no tenía cargo,Robin Sharma,https://is1-ssl.mzstatic.com/image/thumb/Publication126/v4/aa/fe/04/aafe04af-1d29-ec58-3719-66bb23f693ea/9788425346224.jpg/626x0w.jpg,el mejor en tu campo a la vez que contribuirás con tu talento a que tu empresa alcance las metas más altas
Las casualidades no existen,Borja Vilaseca,https://is1-ssl.mzstatic.com/image/thumb/Publication116/v4/c7/ba/50/c7ba5092-be1c-8c4a-ba2d-2893a9221b1b/9788418045929.jpg/626x0w.jpg, espiritualidad para escépticos
Enamórate del problema no de la solución,Uri Levine,https://is1-ssl.mzstatic.com/image/thumb/Publication126/v4/ec/b3/47/ecb34700-b504-9032-41c9-04cb928fabef/9786287578302.jpg/626x0w.jpg,mediante la identificación de los problemas más serios de nuestros consumidores y perturbar los mercados ineficientes que actualmente les sirven
LIT Life ignition tools,Jeff Karp,https://is1-ssl.mzstatic.com/image/thumb/Publication122/v4/21/9e/74/219e74c0-0074-2855-fd9e-2995c19f9245/9788417992361.jpg/626x0w.jpg,Cómo puedes lograr un mayor rendimiento mental y creatividad en un mundo lleno de distracciones de fechas límite constantes de tiempo perdido en las redes
Diseña tu mente,Ryan A. Bush,https://is1-ssl.mzstatic.com/image/thumb/Publication116/v4/33/c3/a0/33c3a0f3-6847-8210-8bb8-c49634d14c47/9788441442634.jpg/626x0w.jpg,El proceso de la psiquitectura te permite desconectar de tu propia mente identificar los patrones subyacentes y convertirte en el arquitecto de tu propia iluminación
El poder de ser valiosos,Arnold Schwarzenegger,https://is1-ssl.mzstatic.com/image/thumb/Publication126/v4/07/b1/c8/07b1c850-e7f0-534b-bad7-d1106aabc300/9788419699893.jpeg/626x0w.jpg,Tienes que transformarte en una persona valiosa útil para los demás
Spin selling,Neil Rackham,https://is1-ssl.mzstatic.com/image/thumb/Publication111/v4/b7/01/37/b70137f5-1598-9f7d-2275-e5bee13d645c/9781260027099.jpg/626x0w.jpg,the revolutionary SPIN (Situation Problem Implication Need payoff) strategy
Supercomunicadores,Charles Duhigg,https://is1-ssl.mzstatic.com/image/thumb/Publication116/v4/4b/2a/2e/4b2a2e4e-6092-277d-98ea-0d75dd6354c6/9788419820198.jpg/626x0w.jpg,los mejores comunicadores saben distinguir y emplear los tres tipos de conversaciones que existen la práctica la emocional y la social para conectar con las personas
Hay tiempo,Jenny Blake,https://is1-ssl.mzstatic.com/image/thumb/Publication221/v4/2c/ba/00/2cba0031-7acc-68f5-3a50-596fbc5a4ccf/1045156369.jpg/626x0w.jpg,se trata de ser amable contigo y aprender a simplificar y agilizar los procesos lo más que puedas
Extreme ownership,Jocko Willink,https://is1-ssl.mzstatic.com/image/thumb/Publication113/v4/af/2b/a9/af2ba9d3-b21f-ed60-16f2-a4fe2a4501b7/9781250184726.jpg/626x0w.jpg,demonstrate how to apply powerful leadership principles from the battlefield to business and life
Wa La vía japonesa de la armonía,Laura Imai,https://is1-ssl.mzstatic.com/image/thumb/Publication116/v4/83/ae/42/83ae42a9-1dd1-4dbd-3137-95d33393790d/9788403521520.jpg/626x0w.jpg,la belleza la alegría y el civismo se construyen con grandes dosis de compromiso mediante el trabajo continuo en uno mismo ejercitando la paciencia haciendo las cosas con cuidado y nunca a expensas de otros
Cuestión de límites,Nedra Glover,https://is1-ssl.mzstatic.com/image/thumb/Publication115/v4/9f/fd/b6/9ffdb681-b177-507c-ade6-7347e5a685a3/9786070777790.jpg/626x0w.jpg,La falta de límites nos conduce a una cultura del burnout y a una sociedad exhausta y sobrepasada
Wu wei,Henri Borel,https://is1-ssl.mzstatic.com/image/thumb/Publication115/v4/0a/7f/91/0a7f918a-4d24-eb85-8b52-28a932ee4694/Laotzu_s_Tao_and_Wu_Wei_-_Henri_Borel.jpg/626x0w.jpg,la vía del no actuar o cómo seguir el ritmo natural de la vida
Masters of Scale,Reid Hoffman,https://is1-ssl.mzstatic.com/image/thumb/Publication124/v4/81/9f/bc/819fbc9c-e22e-ac7d-e619-4f990dde4614/9780593239094.d.jpg/626x0w.jpg,The key to scaling a successful business isnt talent network or strategy. Its an entrepreneurial mindset and that mindset can be cultivated
Blitzscaling,Reid Hoffman,https://is1-ssl.mzstatic.com/image/thumb/Publication118/v4/e7/02/46/e70246bb-98a1-4528-0f30-5acf592d0a61/9781524761424.jpg/626x0w.jpg,LinkedIn cofounder legendary investor and host of the award winning Masters of Scale podcast reveals the secret to starting and scaling massively valuable companies
Pre-suasión,Robert Cialdini,https://is1-ssl.mzstatic.com/image/thumb/Publication116/v4/4a/cf/80/4acf806b-28de-cbfd-e979-da92d883a9d4/9788416883066.jpg/626x0w.jpg,La persuasión es una habilidad imprescindible en cualquier actividad profesional a todos los niveles en organizaciones y empresas
Creatividad,Ed Catmull,https://is1-ssl.mzstatic.com/image/thumb/Publication211/v4/94/a5/64/94a56452-3190-72d6-af27-fc0bb20198b9/9788416029204.jpg/626x0w.jpg,sobre liderazgo creativo que recoge los principios que construyeron la cultura singularmente exitosa de Pixar y le permitieron conservar su creatividad sin dejar de evolucionar
La vida que vale la pena vivir,Miroslav Volf,https://is1-ssl.mzstatic.com/image/thumb/Publication221/v4/1e/08/c2/1e08c242-d4bc-5bb4-f173-d1cb99fbfed1/1050435823.jpg/626x0w.jpg,A través del concepto La Pregunta la cual engloba las ideas de mérito bondad valor sentido propósito entre muchas más Programa de Humanidades de Yale invitarán al lector a reflexionar y a encontrar el verdadero sentido de su vida basándose en importantes figuras de tradiciones
Hooked,Nir Eyal,https://is1-ssl.mzstatic.com/image/thumb/Publication116/v4/c1/3b/34/c13b34ce-b455-cb07-d2dd-64196392a1f2/9780698190665.d.jpg/626x0w.jpg,Through consecutive hook cycles these products reach their ultimate goal of bringing users back again and again without depending on costly advertising or aggressive messaging
The messy middle,Scott Belsky,https://is1-ssl.mzstatic.com/image/thumb/Publication118/v4/a8/0f/f2/a80ff296-c01e-22d5-8608-592c019d6f03/9780735218086.jpg/626x0w.jpg,The Messy Middle is the indispensable guide to navigating the volatility of new ventures and leading bold creative projects
El cuerpo habla,Joe Navarro,https://is1-ssl.mzstatic.com/image/thumb/Publication122/v4/95/37/71/953771b5-5e9a-06f6-8133-7ac1fee65d3f/1017170810.jpg/626x0w.jpg,Grandes secretos de la comunicación no verbal revelados por un exagente del FBI
Beneath the surface my story,Michael Phelps,https://is1-ssl.mzstatic.com/image/thumb/Publication113/v4/51/7d/3e/517d3edd-f3dd-5cc2-3083-65adb9714d86/9781613213247.jpg/626x0w.jpg,Prepare to peek into the mind of a champion known as the most decorated Olympian of all time with 28 medals including 23 gold
Nunca pares,Phil Knight,https://is1-ssl.mzstatic.com/image/thumb/Publication116/v4/76/36/7f/76367ffb-9473-22d8-a5d0-c70b5376843a/9788416883011.jpg/626x0w.jpg,nos habla por primera vez de la auténtica historia que hay detrás de Nike Todo comenzó con 50 dólares y una idea sencilla importar calzado deportivo económico y de gran calidad creó una marca universal e innovadora y evolucionó hasta convertirse en el gigante actual
Full stop,Silvio Raij,https://is1-ssl.mzstatic.com/image/thumb/Publication221/v4/1e/19/f5/1e19f536-0345-fdc5-1ec2-ae150ce20ef0/9789501201758.jpg/626x0w.jpg,Hacer una pausa puede cambiarnos la vida necesaria para salir del piloto automático con que vivimos
Sólo una cosa,Gary Keller,https://is1-ssl.mzstatic.com/image/thumb/Publication113/v4/6a/01/02/6a0102ee-8eb4-58ac-18b8-fcd074f6967a/9781848549234.jpg/626x0w.jpg,Detrás de cualquier éxito se encuentra una sencilla y sorprendente verdad enfócate en lo único what's the cost of distractions Second-rate work missed deadlines smaller pay cheques fewer promotions and lots of stress
No me hagas pensar,Steve Krug,https://is1-ssl.mzstatic.com/image/thumb/Publication122/v4/62/78/b9/6278b988-3aa4-171d-5f9b-50d07fab5b47/9780133597264.jpg/626x0w.jpg,understand the principles of intuitive navigation and information design Witty commonsensical and eminently practical
El camino de la fuerza mental,Jodie Lowinger,https://is1-ssl.mzstatic.com/image/thumb/Publication112/v4/b1/14/bd/b114bdf4-f465-f4a1-080a-bbc16934a6ce/1038120679.jpg/626x0w.jpg,overcome fear driven thoughts and behaviours and turn them into empowered action herramientas para dominar y entender a ese provocador que vive en tu cabeza Te ayudará a comprender que tras la ansiedad existe un corazón emotivo
Esencialismo,Greg McKeown,https://is1-ssl.mzstatic.com/image/thumb/Publication114/v4/12/37/f3/1237f3f8-6456-850e-c97d-5cec878bef02/9786071133847.jpg/626x0w.jpg,Esencial no se trata de hacer más cosas en menos tiempo Se trata de obtener sólo cosas bien hechas No es una estrategia de gestión del tiempo o una técnica de productividad Es una disciplina sistemática para discernir lo que es absolutamente esencial y eliminar todo lo que no es para que podamos enfocarnos
101 reflexiones que cambiarán tu forma de pensar,Brianna Wiest,https://is1-ssl.mzstatic.com/image/thumb/Publication122/v4/6a/9e/ac/6a9eac06-f838-9296-efc8-8eb9af4d20e6/e-book_cover_1600x2400.jpg/626x0w.jpg,why you should pursue purpose over passion embrace negative thinking see the wisdom in daily routine and become aware of the cognitive biases that are creating the way you see your life
El almanaque de Naval Ravikant,Eric Jorgenson,https://is1-ssl.mzstatic.com/image/thumb/Publication221/v4/9e/68/08/9e6808a4-e8c6-e3ca-23b8-741c9472b0b3/9781544514208.jpg/626x0w.jpg,Getting rich is not just about luck happiness is not just a trait we are born with These aspirations may seem out of reach but building wealth and being happy are skills we can learn
Tu momento es ahora,Victor Hugo Manzanilla,https://is1-ssl.mzstatic.com/image/thumb/Publication112/v4/9c/fd/81/9cfd81fd-e53f-7d3c-fa52-5533e4b769c2/9780718089528.jpg/626x0w.jpg,Este libro te guiará por un proceso de tres pasos sencillos cuya aplicación garantizan que alcances tus sueños y metas El éxito es una ciencia y un arte a la vez es un arte un proceso de descubrirte a ti mismo y encontrar plenitud y significado para tu vida
Alchemy,Rory Sutherland,https://is1-ssl.mzstatic.com/image/thumb/Publication125/v4/c2/63/99/c26399a4-04d1-2639-0f73-469f0748523f/9780753551370.jpg/626x0w.jpg,reveals why abandoning logic and casting aside rationality is the best way to solve any problem
Superpoderes del éxito para gente normal,Mago More,https://is1-ssl.mzstatic.com/image/thumb/Publication122/v4/a7/58/65/a75865d8-5636-d11c-e673-7de8d9987d2b/9788416253470.jpg/626x0w.jpg,En este libro cuento cómo he pasado de ser un auténtico desastre en todo a mejorar mi vida ostensiblemente O como diría mi madre cómo pasé de ser un perroflauta a convertirme en un flautista de Helín
Cómo conocer a una persona,David Brooks,https://is1-ssl.mzstatic.com/image/thumb/Publication221/v4/54/cf/51/54cf5132-06c7-d163-2a63-2f5d0ef5b9c2/1044120648.jpg/626x0w.jpg,se nutre de la psicología y la neurociencia así como del teatro la filosofía y la historia para ofrecer un enfoque esperanzador sobre la conexión humana que nos enseña a realizar acciones concretas pequeñas pero significativas ser un buen oyente pedir y ofrecer perdón sentarse con quien sufre mirar las cosas desde la perspectiva del otro
Homo creativus,Juan Carlos Chavez,https://is1-ssl.mzstatic.com/image/thumb/Music211/v4/c2/5c/3f/c25c3fcf-3d93-66d4-f634-b512c3a4b6ec/rm_image.jpg/626x0w.jpg,5 virtudes biológicas que te representan potencia privilegiada 3 intenciones que marcan una dirección inteligentemente benéfica 3 medios que adicionan suma fortaleza a cada paso 11 peligros inminentes que debes evitar a toda costa y 11 posibilidades que te mostrarán un puerto fértil y profundamente cautivador
The hidden economy,Alejandra Gonzalez,https://is1-ssl.mzstatic.com/image/thumb/Publication126/v4/82/9b/6b/829b6be5-4ce6-072e-ee91-f5e0ad311d7d/9786073839396.jpg/626x0w.jpg,Con la llegada de las plataformas digitales surgió una nueva fase económica que además de permitir un modelo laboral más flexible cambió el panorama del marketing digital: la economíade los creadores
El método smart brevity,Jim VandeHei,https://is1-ssl.mzstatic.com/image/thumb/Publication122/v4/21/4f/46/214f46c8-037d-c4c0-a4cb-27286989c55c/9788418223945.jpg/626x0w.jpg,Una fórmula para priorizar la información esencial explicar su impacto y presentarla de forma concisa y visual Aprende a decir más con menos en prácticamente cualquier formato
Sé tu propio CEO, Leo Piccioli,https://is1-ssl.mzstatic.com/image/thumb/Publication211/v4/2c/a4/46/2ca446ef-d5ed-5fa1-309b-410c72c6a93b/1045450739.jpg/626x0w.jpg,Aprende el método para eliminar automatizar y tercerizar tareas y lidera en la era de la inteligencia artificial
Superconnector,Scott Gerber,https://is1-ssl.mzstatic.com/image/thumb/Publication117/v4/76/ed/c5/76edc5d5-d927-b08f-5558-02c12a53fca1/9780738219974.jpg/626x0w.jpg,highly valuable community builders who make things happen through their keen understanding and utilization of social capital Superconnectors understand the power of relationship-building problem solve by connecting the dots at high levels
The creators code,Amy Wilkinson,https://is1-ssl.mzstatic.com/image/thumb/Publication49/v4/9a/d3/8d/9ad38d0b-b8ba-4c4c-e374-5f6e49120be8/9781451666090.jpg/626x0w.jpg, unlocks the six essential skills that turn small notions into big companies This landmark book is based on 200 interviews with todays leading entrepreneurs
La vida minimal,Pedro Campos,https://is1-ssl.mzstatic.com/image/thumb/Publication115/v4/28/38/9a/28389a46-4d6a-98eb-6ff5-15b8ce6a2b47/9786073171182.jpg/626x0w.jpg,Qué pasaría si en lugar de ir en busca de más nos dedicáramos a disfrutar la riqueza de vivir con menos Qué pasaría si nos enfocáramos en lo que realmente vale la pena y dejáramos de acumular consumir y perseguir cosas que no tienen sentido
Los 7 hábitos de la gente altamente efectiva,Stephen R. Covey,https://is1-ssl.mzstatic.com/image/thumb/Publication126/v4/93/2a/9f/932a9fa0-7d30-41f0-3067-db7236c3117a/9788449330605.jpg/626x0w.jpg,si queremos modificar una situación deberemos cambiarnos a nosotros mismos y para ello es necesario que cambiemos también nuestras percepciones Así lograremos desarrollar nuestra autoconfianza nuestro carácter nuestra integridad nuestra honestidad y nuestra dignidad para transformar nuestro universo laboral en algo auténtico e intransferible
Principios para enfrentarse al nuevo orden mundial,Ray Dalio,https://is1-ssl.mzstatic.com/image/thumb/Publication122/v4/fd/1d/39/fd1d3978-85e8-7386-d1b0-d5d1318ad632/9788423433766.jpg/626x0w.jpg,Los tiempos que vienen serán radicalmente diferentes a los que hemos vivido hasta ahora pero se parecerán mucho a otras etapas de la historia después de un titánico estudio de episodios análogos al presente en los últimos quinientos años los ciclos históricos siempre han sido muy similares entre ellos
Sé tu propio CEO, Leo Piccioli,https://is1-ssl.mzstatic.com/image/thumb/Publication211/v4/2c/a4/46/2ca446ef-d5ed-5fa1-309b-410c72c6a93b/1045450739.jpg/626x0w.jpg,Hay dos formas de verlo son rebeldes si la empresa quiere aferrarse al pasado. Son líderes si entiende que debe cambiar
La biología de la creencia, Bruce H. Lipton, https://is1-ssl.mzstatic.com/image/thumb/Publication128/v4/26/91/24/26912472-8a24-97d0-8004-a634aba24103/9781401949594.jpg/626x0w.jpg,It is now widely recognized that genes and DNA do not control our biology Instead they are controlled by signals from outside the cell including energetic messages emanating from our thoughts
Objections,Jeb Blount,https://is1-ssl.mzstatic.com/image/thumb/Publication115/v4/e3/81/ef/e381ef86-1d0d-3def-e0cb-5fe25748b832/9781119477372.jpg/626x0w.jpg,you ll learn a new psychology for turning-around objections and proven techniques that work with todays more informed in control and skeptical buyers
Pequeños hábitos grandes cambios,Steven Handel,https://is1-ssl.mzstatic.com/image/thumb/Publication123/v4/1d/d6/9e/1dd69e58-ad8a-8f74-5c8d-3cbcc620d092/9786073180573.jpg/626x0w.jpg,Repleto de consejos útiles y técnicas efectivas este libro hace que cambiar tus hábitos sea simple y divertido Se enfoca en hacer pequeños cambios que crearán mejoras duraderas en tu vida
La magia de la concentración,Daigo,https://is1-ssl.mzstatic.com/image/thumb/Publication125/v4/eb/a8/56/eba85611-fb88-bcbb-f0af-f87aac877f5a/9786073192934.jpg/626x0w.jpg,presenta técnicas y estrategias para incrementar tu fuerza de voluntad evitar el cansancio mental y fortalecer tus hábitos Entiende cómo funciona tu mente aumenta la concentración el rendimiento y la productividad en tu vida profesional y personal
Un año para cambiar el chip,Napoleón Hill, https://is1-ssl.mzstatic.com/image/thumb/Publication3/v4/1e/4c/87/1e4c87f2-f7cc-f838-64ce-c8dde6b14521/cambiar_chip_cover.jpg/626x0w.jpg,práctica semana tras semana para acercarte año tras año y con paso seguro y confiado hacia el cumplimiento de los propósitos que has trazado para tu vida
Todo el tiempo del mundo, Lisa Broderick,https://is1-ssl.mzstatic.com/image/thumb/Publication122/v4/10/7b/dc/107bdc37-1078-3a28-9bbc-d75961d637ff/9788411190206.jpg/626x0w.jpg,nos revela que el tiempo es una energía maleable y que podemos influir en él y manipularlo de la misma forma que sucede con otras energías sutiles Así el tiempo puede convertirse en un recurso abundante que podemos liberar de forma activa para tener todo el tiempo del mundo
El libro del Niksen,Olga Mecking,https://is1-ssl.mzstatic.com/image/thumb/Publication122/v4/bd/fe/5b/bdfe5b9c-ad86-4e3e-dd3f-b7316ccfe995/9788408249016.jpg/626x0w.jpg,da las claves para que disfrutes de las pequeñas pausas de la vida y logres ser más feliz más productivo y más creativo
El libro para las personas ocupadas,Sandra Badillo,https://is1-ssl.mzstatic.com/image/thumb/Publication126/v4/a1/d7/2d/a1d72da8-6369-1145-513d-1b8d6027ee51/9788413142968.jpg/626x0w.jpg,desarrollar hábitos que nos beneficien y entrenar como un músculo nuestro afán de superación nuestra constancia y nuestra ilusión
El fin de semana de 5 días,Nik Halik,https://is1-ssl.mzstatic.com/image/thumb/Publication123/v4/c6/59/09/c659091c-9166-f62f-be43-0d5818e56e40/cover.jpg/626x0w.jpg,Es tu momento de dejar de estar atascado Estás listo para avanzar hacia un estilo de vida lleno de libertad financiera y propósitos El fin de semana de 5 días es tu puerta de acceso hacia mejores expectativas.
Homo Deus,Yuval Noah Harari,https://is1-ssl.mzstatic.com/image/thumb/Publication116/v4/81/2b/d1/812bd1c8-4c82-7f02-faeb-6e8e999a0b19/9788499926643.jpg/626x0w.jpg,¿Qué pasará con la democracia cuando Google y Facebook lleguen a conocer nuestros gustos y preferencias políticas mejor que nos conocemos a nosotros mismos?
Nexus,Yuval Noah Harari,https://is1-ssl.mzstatic.com/image/thumb/Publication211/v4/1a/ee/c4/1aeec41d-f5ec-c9e8-53ff-a84c9e31c600/9780593734247.d.jpg/626x0w.jpg,Nexus looks through the long lens of human history to consider how the flow of information has shaped us and our world.Taking us from the Stone Age
Sapiens,Yuval Noah Harari,https://is1-ssl.mzstatic.com/image/thumb/Publication116/v4/ae/bc/79/aebc793f-d82f-7f36-6055-fb554d6af50c/9788499924748.jpg/626x0w.jpg,¿Hemos ganado en felicidad a medida que ha avanzado la historia? ¿Seremos capaces de liberar alguna vez nuestra conducta de la herencia del pasado? ¿Podemos hacer algo para influir en los siglos futuros?
Pensar con claridad,Shane Parrish,https://is1-ssl.mzstatic.com/image/thumb/Publication116/v4/7c/e8/f2/7ce8f280-3ce8-3686-2908-e4d42b11480e/9788408280774.jpg/626x0w.jpg,nuestro cerebro reptiliano nos empuja a veces a tomar malas decisiones y que el secreto del éxito parte de identificar correctamente cuáles son los datos relevantes en ese mar de información que nos ahoga
La conciencia,Mark Gober,https://is1-ssl.mzstatic.com/image/thumb/Publication125/v4/6c/be/1a/6cbe1ad2-a2bf-0f73-b73a-eb2227584286/1033895648.jpg/626x0w.jpg,Este libro sacudirá a la comunidad científica  tiene como objetivo cambiar nuestra perspectiva colectiva remodelar nuestra visión del potencial humano y cómo nos tratamos los unos a los otros
Cómo sanar tu ansiedad cuando nadie más puede hacerlo,Amy B. Scher,https://is1-ssl.mzstatic.com/image/thumb/Publication221/v4/a7/dd/fe/a7ddfe95-fccf-918f-a2cf-56ab37e29839/9786073182041.jpg/626x0w.jpg,comparte sus métodos comprobados para abordar y curar la raíz de la ansiedad cambiar creencias dañinas calmar tu cuerpo y liberar la vieja energía emocional que te detiene.
Máxima conexión,Brad Stulberg,https://is1-ssl.mzstatic.com/image/thumb/Publication122/v4/7d/4f/9e/7d4f9eb7-8776-fda9-0442-a9c05ad39f0c/1038891568.jpg/626x0w.jpg,El éxito promociones premios dinero fallan sistemáticamente en proporcionarnos felicidad duradera Por más trofeos que añadamos a nuestra colección seguimos anhelando algo y sintiéndonos vacíos Groundedness significa poseer una base firme y estable tener un claro sentido del yo gracias al cual podamos encontrar un éxito profundo y duradero en vez de superficial y efímero
Aprendiendo de los mejores,Francisco Alcaide Hernández,https://is1-ssl.mzstatic.com/image/thumb/Publication128/v4/a4/85/f3/a485f368-f4a3-c28d-da91-3d92222a56a6/9788416928651.jpg/626x0w.jpg,libro de cabecera de muchas personas por su capacidad de sintetizar y explicar una ingente cantidad de conocimiento y sabiduría sobre el mundo del desarrollo personal los negocios el liderazgo la libertad financiera o la espiritualidad
Cómo aprender la excelencia,Eric Potterat,https://is1-ssl.mzstatic.com/image/thumb/Publication211/v4/bf/6a/b4/bf6ab4c4-4ddb-8110-5ab3-20048dd8d52f/1045367156.jpg/626x0w.jpg,Cómo aprender la excelencia nos enseña las habilidades mentales que necesitamos para ser los mejores. Si quieres alcanzar todo tu potencial y más este libro es el lugar perfecto para empezar
Piensa como un monje,Jay Shetty,https://is1-ssl.mzstatic.com/image/thumb/Publication126/v4/90/4a/2b/904a2ba7-af01-b470-5cdc-0d5d3d7ff87f/9788425358296.jpg/626x0w.jpg, cómo desarrollar tu poder cambiando tu enfoque de la autoimagen a la autoestima. Piensa como un monje te libera de la hipnosis del condicionamiento social y te ayuda a convertirte en el arquitecto de tu propia vida
Estoicismo cotidiano,Ryan Holiday y Stephen Hanselman,https://is1-ssl.mzstatic.com/image/thumb/Publication113/v4/0b/22/da/0b22dac8-067e-04fa-0319-0dc78a18bbf3/1031232141.jpg/626x0w.jpg,Controla tus percepciones. Dirige tus acciones adecuadamente. Acepta con voluntad lo que escapa a tu control para afrontar la adversidad y dar lo mejor de ti mismo
Reconecta con tu cuerpo,Anna Sólyom,https://is1-ssl.mzstatic.com/image/thumb/Publication116/v4/00/89/32/008932dc-2388-509d-40b2-3dda6e26dc86/9788491181897.jpg/626x0w.jpg,En el cuerpo se manifiesta todo lo que vives piensas y sientes en forma de dolor rigidez calambres y bloqueos o de una sensación de fatiga general. Si aprendes a leer sus señales descubrirás el más poderoso instrumento para liberarte de todo aquello que sobre carga tu vida física psiquíca y espiritual
Eutanasia para vivir,Martín Achirica,https://is1-ssl.mzstatic.com/image/thumb/Publication126/v4/02/99/9a/02999a3a-82d5-4ec7-06da-461285320963/9788419251367.jpeg/626x0w.jpg,realizaremos un viaje de muerte y vida nos sorprenderemos ante la vinculación entre la ciencia y la espiritualidad aquello que se ve y no se ve como parte de un todo encaminado al nuevo paradigma del bienestar y la salud integrativa. Un nuevo arquetipo para el sentido de la existencia
Vida contemplativa,Byung-Chul Han,https://is1-ssl.mzstatic.com/image/thumb/Publication116/v4/37/1c/3d/371c3d9f-d29b-e63e-5910-f54d1947b66e/9788430625635.jpg/626x0w.jpg,Estamos perdiendo nuestra capacidad de no hacer nada. Nuestra existencia está completamente absorbida por la actividad Byung-Chul Han indaga en los beneficios el esplendor y la magia de la ociosidad y diseña una nueva forma de vida que incluya momentos contemplativo con la que afrontar la crisis actual de nuestra sociedad 
Vidas de los estoicos,Ryan Holiday y Stephen Hanselman,https://is1-ssl.mzstatic.com/image/thumb/Publication126/v4/ab/cf/2b/abcf2b01-e5c6-e8eb-8814-1fa22042ead4/1036295556.jpg/626x0w.jpg,Enseñanzas de los pensadores de la antigüedad acerca de la felicidad el éxito la resiliencia y la virtud. El estoicismo ha mostrado su actualidad en miles de personas que buscan acceder a la grandeza.
Tú no eres tu dolor,Vidyamala Burch y Danny Penman,https://is1-ssl.mzstatic.com/image/thumb/Publication128/v4/1c/7a/f9/1c7af9dd-1b90-de5d-c20d-6c0f5d511d4a/1023238726.jpg/626x0w.jpg,El dolor el sufrimiento y el estrés pueden resultar intolerables; pero no necesariamente tiene que ser así. El mindfulness puede ser tan eficaz como los calmantes para mejorar los sistemas de curación natural del cuerpo.
Charlas Ted,Chris Anderson,https://is1-ssl.mzstatic.com/image/thumb/Publication211/v4/f0/30/26/f03026c2-8472-c382-734b-6f566690793f/9788498754346.jpg/626x0w.jpg,una charla breve y cuidadosamente preparada puede ser la clave para generar empatía suscitar emoción intercambiar conocimiento y promover un sueño compartido. Una charla bien planificada puede electrizar a todo un público y transformar su visión de las cosas; su poder puede ser muchísimo mayor que cualquier palabra escrita.
Amar lo que es,Byron Katie,https://is1-ssl.mzstatic.com/image/thumb/Publication/v4/73/90/7f/73907ff5-f69a-f783-7e89-cc292b94a659/amar_lo_que_es.jpg/626x0w.jpg,Lo que provoca nuestro sufrimiento no es el problema sino lo que pensamos sobre el mismo. Paso a paso y mediante ejemplos claros Amar lo que es te enseñará a poner en práctica este proceso revolucionario.
Tus zonas mágicas,Wayne W. Dyer,https://is1-ssl.mzstatic.com/image/thumb/Publication126/v4/5d/1f/9c/5d1f9c93-5e9d-3881-f3d5-abd14a1c5041/9788466341752.jpg/626x0w.jpg,¿Solo existe la realidad tangible la que reconocemos por nuestros sentidos? ¿No existirá también una realidad «subyacente» sin desarrollar en la mayoría de los seres pero que daría a estos un ilimitado poder para realizar sus vidas con plenitud? Afirma la existencia de una realidad mágica en cada uno para ser utilizada como un único fin posible: lograr lo mejor para uno mismo y para los otros.
Ruido, Daniel Kahneman-Olivier Sibony-Cass R. Sunstein,https://is1-ssl.mzstatic.com/image/thumb/Publication116/v4/8c/06/18/8c06182a-60e7-3fce-1087-eb754124c37b/9788418006371.jpg/626x0w.jpg,El ruido está presente en todas las decisiones individuales y colectivas y produce errores en innumerables terrenos  también nos importuna e influye a la hora de tomar muchas de nuestras decisiones cotidianas.Nos enseñan a escuchar ese ruido cuyo impacto tendemos a ignorar y a reducirlo para mejorar nuestros juicios.
No me puedes lastimar,David Goggins,https://is1-ssl.mzstatic.com/image/thumb/Publication211/v4/20/ee/fb/20eefb8b-6bb2-5c6a-70c6-8a31b46f2655/9781544529134.jpg/626x0w.jpg,La pobreza los prejuicios y los malos tratos físicos colorearon sus días y atormentaron sus noches. Pero gracias a su autodisciplina su fortaleza mental y trabajo duro Goggins pasó de ser un joven con sobrepeso deprimido y sin futuro a convertirse en uno de los mejores atletas de resistencia del mundo. Su historia ilumina un camino que cualquiera puede seguir para superar el dolor vencer al miedo y alcanzar su máximo potencial.
La inflamación de la mente,Edward Bullmore,https://is1-ssl.mzstatic.com/image/thumb/Publication126/v4/09/c3/c1/09c3c180-7331-e1a2-b086-c984e50168f3/9788449341205.jpg/626x0w.jpg,Esta revolucionaria obra esboza un futuro en el que podríamos encontrar nuevos tratamientos para romper los círculos viciosos del estrés la inflamación y la depresión y salir victoriosos de la lucha contra los principales problemas de la salud pública en el siglo XXI.
Recupera tu poder,Rut Nieves,https://is1-ssl.mzstatic.com/image/thumb/Music112/v4/76/2d/4b/762d4b59-2d7a-68b9-71b4-940ac0fffaf0/9788408265122.jpg/626x0w.jpg, nuestra mente ha sido condicionada con creencias muy limitantes que nos han llevado a olvidar nuestras verdaderas capacidades y a desconectarnos de nuestra sabiduría interior intuición e instinto. Las herramientas que contiene Recupera tu poder te ayudarán a conectar con tu fuerza vital tu confianza interior y tu claridad para que puedas avanzar con alegría y decisión hacia la vida que de corazón deseas y mereces vivir:tu propia vida.
¿Por qué nadie me dijo antes?,Dra.Julie Smith,https://is1-ssl.mzstatic.com/image/thumb/Publication126/v4/23/6b/8e/236b8e7c-0271-1df2-fa15-e0f0c95011b0/9786070792342.jpg/626x0w.jpg,Este libro resulta imprescindible para aquellas personas que desean cuidar de su salud mental. Te enseña todo lo que necesitas saber para sortear con éxito los altibajos más comunes de la vida.
No pongas un punto donde Dios puso una coma,Shiva Ryu,https://is1-ssl.mzstatic.com/image/thumb/Publication122/v4/32/af/11/32af11b2-d6f0-18f6-4be7-0b8d1fb33671/9788411190046.jpg/626x0w.jpg,que podemos aprender a reconocer lo bueno en lo supuestamente malo. Aunque a veces la vida parece llevarnos por un camino que no es parte de nuestro plan ese camino incomprensible para nuestra cabeza es precisamente el que anhela nuestro corazón.
Espejos del tiempo,Brian Weiss,https://is1-ssl.mzstatic.com/image/thumb/Publication116/v4/7d/cf/23/7dcf233a-18d3-db6e-47ef-b37741231247/9788490195154.jpg/626x0w.jpg,Retroceder al pasado y recordar sucesos que podrían ser el origen de las dificultades que experimenta en la actualidad. A través de la terapia de la regresión es posible alcanzar la sanación física emocional y espiritual.
Aprende a silenciar la mente,Osho,https://is1-ssl.mzstatic.com/image/thumb/Publication122/v4/b5/43/2d/b5432d2d-4969-52f4-da15-e0c2834d4525/9786073821896.jpg/626x0w.jpg,La meditación es el único interruptor que puede silenciar la mente. Sin necesidad de hacer exóticos rituales sino a través de la comprensión la observación y un sano sentido del humor la meditación te ayudará a alcanzar el bienestar.
Destino libertad y alma,Osho,https://is1-ssl.mzstatic.com/image/thumb/Publication113/v4/03/90/c4/0390c4d9-ea87-1945-aec1-6e3f0b4d4ed7/9786074807820.jpg/626x0w.jpg,Respuestas para saber cuál es el significado de la vida.Desde el momento en que nace empieza a surgir una gran búsqueda en lo más profundo de cada ser humano.
El sendero del yoga,Osho,https://is1-ssl.mzstatic.com/image/thumb/Music122/v4/d7/6c/e0/d76ce0f7-6112-3eb5-e338-097c110d7f62/9789180130530.jpg/626x0w.jpg, Al estar cuerpo y mente tan íntimamente conectados es posible lograr cierta paz de espítritu mediante una postura corporal que corresponda a esta paz. Una ciencia del alma.
Sintonizarse con la existencia,Osho,https://is1-ssl.mzstatic.com/image/thumb/Publication112/v4/e3/af/70/e3af7037-9012-998b-0391-6b1673a55b26/9786073821940.jpg/626x0w.jpg,es un compendio de las claves fundamentales de la propuesta del gran maestro del siglo XXI para una nueva humanidad y un acercamiento valioso a su poderosa visión de una sociedad de seres humanos amorosos conscientes y verdaderamente libres a través de la meditación.
Saber de libros sin leer,Henry Hitchings,https://is1-ssl.mzstatic.com/image/thumb/Publication211/v4/a3/89/63/a3896365-dfeb-5d5e-3b79-e6e785783207/9788408101130.jpg/626x0w.jpg,Si hay un libro que deberías encontrar tiempo para leer es éste. Henry Hitchings aborda con ingenio los libros más destacados que se supone todo el mundo debería haber leído.
Cómo la vida imita al ajedrez,Garry Kasparov,https://is1-ssl.mzstatic.com/image/thumb/Publication30/v4/a0/a8/77/a0a877ab-266c-33c6-87d2-5377b49e57c4/9786073144995.jpg/552x0w.jpg,El mejor ajedrecista de la historia nos enseña a ver la vida como un juego de estrategia.Este libro muestra la manera de avanzar paso a paso hacia el objetivo final; también cómo convertir una derrota en una futura victoria cómo dar la vuelta a una situación comprometida y cómo prepararse para los grandes desafío
Cuerpos sin edad mentes sin tiempo,Deepak Shopra,https://is1-ssl.mzstatic.com/image/thumb/Publication126/v4/62/01/5f/62015f89-459a-4400-15ae-fa787aead51f/9788416076758.jpg/626x0w.jpg,el gran maestro Deepak Chopra nos muestra que el pasado y el futuro son proyecciones mentales y que si logramos liberarnos de ellas podremos vivir la experiencia de un cuerpo sin edad y una mente sin tiempo. Transformaremos así nuestro cuerpo creando las condiciones para la longevidad y preservando el equilibrio de la vida.
El viaje al poder de la mente,Eduardo Punset,https://is1-ssl.mzstatic.com/image/thumb/Publication125/v4/78/7c/20/787c2003-a178-7bd3-8e71-c4f196e488c8/9788423343652.jpg/626x0w.jpg,Un fascinante viaje a los enigmas de nuestra mente y de nuestras emociones.Con este libro Eduardo Punset cierra una trilogía dedicada a la felicidad al amor y al poder las tres claves que mueven el mundo.
El viaje al amor,Eduardo Punset,https://is1-ssl.mzstatic.com/image/thumb/Publication7/v4/ee/a3/a1/eea3a1af-faac-5aa9-383a-575712ca0184/9788423343720.jpg/626x0w.jpg,Una aproximación revolucionaria a la más poderosa de todas las emociones: el amor.Los secretos del amor se habían interpretado siempre desde los campos de la moral o la literatura. El amor es ciego se decía pero hoy empezamos a saber que se mueve por razones evolutivas y biológicas extremadamente precisas. La revolución tecnológica está permitiendo por primera vez en la historia de la evolución que la ciencia aborde los secretos del amor.Ahora resulta que los ciegos éramos nosotros.
El viaje a la vida,Eduardo Punset,https://is1-ssl.mzstatic.com/image/thumb/Publication112/v4/cc/43/58/cc4358ee-140c-a645-a2ed-570ab33feed0/9788423348626.jpg/626x0w.jpg,Cómo la empatía y la intuición cambiarán nuestro futuro.Gradualmente la sociedad está aprendiendo gracias a las redes sociales y a la propagación de la empatía a cuidar de sí misma y a no necesitar de las ayudas interesadas de terceros. Algún día ya nadie dudará de que la mejor manera de ser feliz será haciendo feliz a los demás.
Viaje a las emociones,Eduardo Punset,https://is1-ssl.mzstatic.com/image/thumb/Publication115/v4/75/ba/f6/75baf65a-33da-86ea-5550-32b63c234d70/9788423327935.jpg/626x0w.jpg,La trilogía que ha apasionado a más de medio millón de lectores en un solo volumen. Un recorrido por la felicidad el amor y el poder: las tres claves que mueven el mundo.
Lo que nos pasa por dentro,Eduardo Punset,https://is1-ssl.mzstatic.com/image/thumb/Publication/v4/84/c1/07/84c1078e-d47e-b588-b852-c5c0c8007a10/9788423334261.jpg/626x0w.jpg,Una completa incursión por las estancias más íntimas de la condición humana.Saber cómo somos es la llave maestra para entenderlo que nos pasa por dentro y aprender a manejarnos por fuera.La huella imborrable de la infancia la turbulenta adolescencia los problemas del aprendizaje el amor y sus laberintos el éxito social la medicina personalizada el miedo a la muerte.
Viaje al optimismo,Eduardo Punset,https://is1-ssl.mzstatic.com/image/thumb/Publication116/v4/aa/72/44/aa7244fd-56eb-2411-8889-01c193e8d1d1/9788423346059.jpg/626x0w.jpg,El pasado fue siempre peor y no hay duda de que el futuro será mejor. Ese mensaje orienta el Viaje al optimismo.En este viaje Punset desmiente que la crisis sea planetaria proclama la obligada redistribución del trabajo mientras la esperanza de vida aumenta dos años y medio cada década y recuerda que ya no es posible vivir sin las redes sociales.
El sueño de Alicia,Eduardo Punset,https://is1-ssl.mzstatic.com/image/thumb/Publication112/v4/6e/ce/9c/6ece9c88-13e5-e670-0d91-dc746a2d4f9f/9788423347179.jpg/626x0w.jpg,esta historia apasionante sobre la vida y la ciencia que reúne el legado científico y humanístico de personas sabias con la osadía de romper barreras y desvelar conocimientos que creíamos imposibles.Ésta es una obra llena de respuestas y de preguntas abiertas. Es también una apuesta de esperanza y de futuro avalada por los últimos descubrimientos científicos que Eduardo Punset nos hace llegar a través de un sueño donde a menudo ficción y realidad se dan la mano.
Adaptarse a la marea,Eduardo Punset,https://is1-ssl.mzstatic.com/image/thumb/Publication112/v4/ba/1d/ca/ba1dcae2-b2bd-86e0-8ab1-8ca98ea596f3/9788423326419.jpg/626x0w.jpg,Las teorías de Darwin aplicadas a la supervivencia cotidiana.Nos recuerda que la mayor parte de la realidad es invisible que las emociones están en el origen de todas las conductas y proyectos que el cerebro no fue diseñado para descubrir la verdad sino para sobrevivir y que la inteligencia surge de la integración con otros tanto o más que del proceso cognitivo. Todo ello con el objetivo de convertirnos en personas más conscientes de lo que somos y de lo que sentimos y con más éxito en todos los ámbitos de la vida.
Padres brillantes maestros fascinantes,Augusto Cury,https://is1-ssl.mzstatic.com/image/thumb/Publication112/v4/9e/08/16/9e081611-63e4-7434-fefd-ef05b12b6a1d/1036295499.jpg/626x0w.jpg,Los padres de familia y los profesores luchan por el mismo objetivo: conseguir que los jóvenes a su cargo crezcan felices saludables y sabios. Sin embargo muchos de ellos parecen hoy perdidos en la ardua tarea de educar.el psiquiatra Augusto Cury presenta una serie de ideas claras y prácticas para promover la formación de pensadores críticos con gran inteligencia emocional potencial intelectual y una actitud proactiva por la mejoría de su calidad de vida. 
El libro del ego,Osho,https://is1-ssl.mzstatic.com/image/thumb/Publication116/v4/ae/35/74/ae357431-4468-0e0a-b3e0-90926f95a5e7/9788425346125.jpg/626x0w.jpg,Osho nos muestra el camino para liberarnos de nuestro ego y llegar a ser nosotros mismos.El ego es justo lo contrario de nuestro verdadero ser. El ego es un envoltorio de nuestra conciencia.Al ser un engaño el ego rehúye lo sencillo pues lo delata; lo difícil sí es un reto para él y lo imposible un reto de verdad. Cuanto mayor sea el reto que aceptemos mayor será el ego que estamos construyendo en nosotros mismos: es nuestra ambición la que dará la medida de nuestro ego que es también la medida de nuestro fracaso.
Moral inmoral y amoral,Osho,https://is1-ssl.mzstatic.com/image/thumb/Publication118/v4/f6/2a/4b/f62a4b3c-5afc-f2db-93cc-f66cbb32d5f0/9786073166713.jpg/626x0w.jpg,Osho explica la diferencia entre un ser humano consciente y uno que no ha despertado. Habla sobre lo correcto y lo incorrecto en el contexto de una realidad llena de trampas mentales.Si tu conciencia te permite hacer algo está bien: hazlo. Que no te preocupe ninguna escritura sagrada.Y si tu consciencia no te permite hacer algo no lo hagas. Ni siquiera si Dios te dice hazlo no hay manera; no puedes hacerlo.
Miedo,Osho,https://is1-ssl.mzstatic.com/image/thumb/Publication126/v4/a8/19/b2/a819b29a-1104-1d15-2d07-47875ddaa196/9788499892948.jpg/626x0w.jpg,La vida es inseguridad. Cada nueva situación nos lleva a una inseguridad más profunda que la anterior. Es un juego en el que nadie sabe cuál será el siguiente paso. ¡En esto radica la belleza de la existencia! Si fuera predecible no valdría la pena vivir; si todo fuera tal y como deseáramos y no hubiese lugar para la incertidumbre no seríamos seres humanos sino máquinas ya que solo para ellas todo es seguro y cierto.El hombre vive en libertad. La libertad necesita inseguridad e incertidumbre.
Manifiesto para los héroes de cada día,Robin Sharma,https://is1-ssl.mzstatic.com/image/thumb/Publication116/v4/91/50/30/9150308b-8bc1-30aa-f076-9158fca94e41/9788425357831.jpg/626x0w.jpg, un compendio de estrategias para alcanzar una productividad inagotable un manual para llevar una vida incomparable y una guía universal para llegar a ser un líder espiritual capaz de cargar con el mundo sobre los hombros.
El Club de las 5 de la mañana,Robin Sharma,https://is1-ssl.mzstatic.com/image/thumb/Publication128/v4/f3/69/5f/f3695f43-ade6-325d-ff22-2038d07d0b43/9780008312855.jpg/626x0w.jpg, Una forma de aprovechar las mañanas para conseguir unos resultados extraordinarios.Una fórmula poco conocida para despertarse temprano con buen ánimo y la energía necesaria para aprovechar el día al máximo.Un método para dedicar las horas más tranquilas del día a hacer ejercicio renovarse y crecer como persona. Un hábito científicamente probado que nos permitirá levantarnos mientras los demás siguen durmiendo y disponer así de unas horas preciosas para pensar potenciar nuestra creatividad y empezar el día con calma y sin prisas.
Audaz productivo y feliz,Robin Sharma,https://is1-ssl.mzstatic.com/image/thumb/Publication126/v4/d2/8f/a9/d28fa91e-a7e2-e802-604b-420ba8128c35/9788416029655.jpg/626x0w.jpg,Este libro ofrece propuestas prácticas que contribuirán a un cambio rápido en los hábitos diarios para alcanzar el máximo potencial de cada uno.Conseguir un rendimiento extraordinario en tu trabajo y en tu vida.Encontrar un enfoque equilibrado del éxito.No dejar nunca de aprender.Desarrollar un entorno propicio para la excelencia.Ejercer un verdadero liderazgo.No dispones de días de más ni de días sin sentido. Hoy mismo puedes tomar la decisión de aspirar a una meta más alta de ser quien siempre has deseado ser.
El monje que vendió su Ferrari,Robin Sharma,https://is1-ssl.mzstatic.com/image/thumb/Publication116/v4/60/2f/e0/602fe08b-e22a-4dd2-af2e-af10010b0ead/9788425345388.jpg/626x0w.jpg,Con esta historia tan especial e inolvidable Robin Sharma nos enseña paso a paso una nueva manera de enfocar la vida personal profesional y familiar. Nos muestra lo importante que es emprender un recorrido vital con una dirección clara con pasión y armonía interior.
Pensar rápido pensar despacio,Daniel Kahneman,https://is1-ssl.mzstatic.com/image/thumb/Publication116/v4/e7/2a/a3/e72aa346-76c8-e141-2283-e7778b372069/9788499922072.jpg/626x0w.jpg,En este libro Kahneman expone la extraordinaria capacidad los errores y los sesgos del pensamiento rápido y revela la duradera influencia de las impresiones intuitivas sobre nuestro pensamiento y nuestra conducta.Consigue revelar cuándo podemos confiar en nuestras intuiciones y cuándo no y de qué modo podemos aprovechar los beneficios del pensamiento lento. Cambiará para siempre nuestra manera de pensar sobre cómo pensamos.
Jugarse la piel,Nassim Nicholas Taleb,https://is1-ssl.mzstatic.com/image/thumb/Publication124/v4/5c/48/b2/5c48b27d-8c15-6139-d294-828ab38bbe26/9788449335709.jpg/626x0w.jpg,En uno de sus libros más provocadores el famoso pensador Nassim Nicholas Taleb redefine lo que significa comprender el mundo tener éxito en una profesión contribuir a una sociedad justa y equitativa detectar el absurdo e influir en los demás Demuestra cómo la voluntad de aceptar los propios riesgos es un atributo esencial de héroes santos e individuos prósperos en todos los ámbitos de la sociedad.
El círculo de la motivación,Valentín Fuster,https://is1-ssl.mzstatic.com/image/thumb/Publication112/v4/4c/ca/45/4cca4512-dfdf-7e8e-ea4a-f32a23d75c79/9788408112860.jpg/626x0w.jpg,Fuster nos anima a luchar en los momentos difíciles a partir de sus experiencias personales  el lector encontrará las reflexiones de Fuster sobre los valores que deben guiar al individuo y a la sociedad: los miembros de una comunidad deben dedicar tiempo a la reflexión descubrir el talento transmitir optimismo y promover la figura del tutor; ser auténticos aceptar nuestras circunstancias mostrar una actitud positiva y apostar por el altruismo nos ayuda a crecer como personas.
Clear Thinking,Shane Parrish,https://is1-ssl.mzstatic.com/image/thumb/Publication221/v4/bd/d4/18/bdd418be-58ca-6172-ff3c-550a048f337e/9780593086124.d.jpg/626x0w.jpg,No actúes de forma precipitada no te dejes llevar por la inercia ni la presión social y despréndete de tu ego. Da un paso atrás y piensa con claridad. El éxito depende muchas veces de pequeñas decisiones que estás tomando por instinto. Deja de hacerlo tu futuro depende de ello.
Conecta con la motivación,Brian Tracy,https://is1-ssl.mzstatic.com/image/thumb/Publication122/v4/1e/05/db/1e05dbe3-8c52-861b-70ab-0f45aad36af9/9786073820035.jpg/626x0w.jpg,La mayoría de las personas afirma que quiere ser exitosa y feliz. Sin embargo son pocos los capaces de sostener esfuerzos prolongados para lograr sus metas. El problema central radica en mantener la motivación sin importar cuántas dificultades surjan en el camino. Brian Tracy experto mundial en desarrollopersonal nos muestra cómo salvar la brecha entre lo que decimos que queremos y lo que debemos hacer para lograrlo que a menudo requiere retrasar la gratificación temporal y las soluciones rápidas para obtener una felicidad y un éxito duraderos.
Guía para invertir,Robert T. Kiyosaki,https://is1-ssl.mzstatic.com/image/thumb/Publication128/v4/f4/db/fd/f4dbfd0c-aedf-249a-706c-adc119630ab9/9786071113542.jpg/626x0w.jpg,En qué invierten los ricos ¡a diferencia de las clases media y pobre!El término invertir varía de acuerdo con las ideas de cada persona. De hecho existen inversiones diferentes para los ricos los pobres y la clase media. Guía para invertir es una obra ideal para quien desea convertirse a largo plazo en un inversionista rico invirtiendo en lo que lo ricos invierten. Como indica el título este libro es una guía y no ofrece garantías.
La nueva ciencia de la atención,Amishi Jha,https://is1-ssl.mzstatic.com/image/thumb/Publication113/v4/1a/dc/16/1adc1662-58c3-8552-824a-a577bbf03623/9788449340789.jpg/626x0w.jpg,Desde la constante reclamación de atención de la tecnología hasta las 24 horas de titulares constantes y las abrumadoras exigencias del trabajo a nuestra capacidad de concentración se le exige más que nunca. Estamos sufriendo un trastorno colectivo de déficit de atención que nos hace sentir dispersos abrumados y ansiosos pero incapaces de resistirse a distracciones como los correos electrónicos las videollamadas los mensajes o las notificaciones.A menos que creemos espacio en nuestra mente mediante una práctica diaria específica y dirigida no podremos controlar lo que capta nuestra atención. 
La lentitud como método,Carl Honoré,https://is1-ssl.mzstatic.com/image/thumb/Publication126/v4/6e/88/17/6e881772-f279-1171-acd2-0a17ac49b32d/9788490067277.jpg/626x0w.jpg,El mundo en el que vivimos se rige por las decisiones rápidas y precipitadas y el espacio para la reflexión y la pausa cada vez es más reducido. La tendencia generalizada a solucionar los problemas solo a corto plazo conduce a menudo a generar complicaciones mayores en el futuro. Carl Honoré nos propone los ingredientes necesarios para evitar que ante un problema nos precipitemos siempre hacia la vía rápida fácil e irreflexiva y conseguir que seamos capaces de resolverlo de forma más lenta pero mucho más eficaz
El poder frente a la fuerza,David R. Hawkins,https://is1-ssl.mzstatic.com/image/thumb/Publication221/v4/c4/51/01/c45101d7-47c9-276a-4a8d-f1063333abce/9788494279690.jpg/626x0w.jpg,El doctor Hawkins nos aporta una explicación muy clara y comprensible de los niveles de la conciencia humana asociados con las emociones.Nos presenta conceptos como el de atractor que sirven para ilustrar su sistema de pensamiento.También nos enseña la prueba kinesiológica para distinguir lo verdadero de lo falso.La clave del libro está en el estudio y la distinción entre poder y fuerza entre aquellos estados en los que interviene el yo personal y están marcados por el esfuerzo y aquellos otros en los que nos alineamos con el verdadero poder y podemos fluir con él.
La riqueza que el dinero no puede comprar,Robin Sharma,https://is1-ssl.mzstatic.com/image/thumb/Publication126/v4/6a/b3/b9/6ab3b92f-c500-6c69-a6e3-70726ce4e105/9788425366352.jpg/626x0w.jpg,Este libro te ofrece una nueva filosofía y una fórmula de cambio profundo para disfrutar de una vida realmente plena con una gran fortaleza personal autenticidad un trabajo de lo más gratificante y un estilo de vida armonioso. Por fin sentirás que la verdadera fortuna te sonríe.Descubre los hábitos ocultos para alcanzar la plenitud y evitar las consecuencias de no desarrollar todo tu potencial.
Invent and Wander,Jeff Bezos,https://is1-ssl.mzstatic.com/image/thumb/Publication114/v4/7f/1e/98/7f1e9842-b90b-11c3-9b6c-49c4826d98b9/9781647820725.jpg/626x0w.jpg,Este libro nos adentra en la mentalidad del hombre que ha revolucionado primero el mundo del e-commerce para después liderar el negocio de la venta al por menor el de la producción audiovisua el streaming la edición de diarios y ahora la industria aeroespacial.
El poder del Tao,Lou Marinoff,https://is1-ssl.mzstatic.com/image/thumb/Publication116/v4/ca/9e/fe/ca9efe48-750c-ed50-8272-a8de5385b703/9788466650731.jpg/626x0w.jpg,Durante más de dos mil quinientos años la filosofía taoísta ha ayudado a cientos de millones de personas a alcanzar de modo duradero la ecuanimidad la serenidad y la felicidad. El poder del Tao dilucida las enseñanzas fundamentales de Lao Tzu aplicándolas a cuestiones a las que nos enfrentamos a diario en los ámbitos de la salud y el bienestar el amor y el matrimonio la creatividad y la profesión los logros y ambiciones personales.El Tao nos enseña a alcanzar nuestro verdadero potencial y a evitar la envidia la avaricia y la ira. 
El código del dinero,Raimon Samsó Queraltó,https://is1-ssl.mzstatic.com/image/thumb/Publication116/v4/3b/d8/83/3bd88376-ffa0-4021-5536-4ae0daf56866/1041022185.jpg/626x0w.jpg,El Código del Dinero te revelará lo que nunca te han enseñado en la escuela en la universidad o en casa sobre el dinero: estar al mando de tu economía hacerla prosperar y ser libre.
Shakespeare para enamorados,Allan Percy,https://is1-ssl.mzstatic.com/image/thumb/Publication116/v4/86/21/33/86213375-5ff0-e621-26a6-35a2a084f8fb/9788490629918.jpg/626x0w.jpg,Del flechazo al desengaño del primer beso al amor imposible del compromiso a los celos Shakespeare para enamorados saca de los escenarios y de las antologías poéticas la ciencia shakespeariana del amor para iluminar nuestra vida cotidiana y por fin dar respuesta a preguntas como: ¿Por qué hay personas que tienen mala suerte en las relaciones sentimentales? ¿Cómo se cura el mal de amores? ¿Se puede vivir un romance toda la vida? ¿Cuál es el secreto de la seducción? ¿Cómo luchar contra los celos?
Las leyes de la naturaleza humana,Robert Greene,https://is1-ssl.mzstatic.com/image/thumb/Publication113/v4/8f/8f/1c/8f8f1c54-1b11-61b1-f16c-6f027cc77bef/1029110002.jpg/626x0w.jpg,Como animales sociales nuestras vidas dependen de las relaciones que forjamos.Por eso no bastan nuestro talento cono-cimiento y formación: saber por qué la gente hace lo que hace es la herramienta más importante que podemos dominar. Robert Greene nos enseña cómo controlar nuestras emociones cómo leer mejor las intenciones de los demás cómo desarrollar la empatía para servir a nuestros propósitos cómo ver detrás de las máscaras y cómo modificar nuestros comportamientos negativos.Un tratado indispensable para aprender las mejores tácticas del autoconocimiento el éxito y la autodefensa.
Ser justo en un mundo injusto,Ryan Holiday,https://is1-ssl.mzstatic.com/image/thumb/Publication221/v4/26/a7/de/26a7de85-b5ee-347e-d45e-4705dc13cc82/9788417992897.jpg/626x0w.jpg,Para los antiguos la justicia iba mucho más allá que lo que sucedía en un tribunal. Era mucho más urgente que las ideas que se debatían en las aulas de Filosofía. Implicaba una forma de vida el compromiso personal de hacer lo correcto por difícil que fuera. Ryan Holiday afirma que la justicia es la virtud que rige todas las demás virtudes.Todo lo que vale la pena perseguir en la vida debe surgir de un compromiso con la justicia del deseo de hacer el bien en este mundo.Solo con esta virtud fundamental podrás pasar de la bondad a la grandeza.
Vendes o vendes,Grant Cardone,https://is1-ssl.mzstatic.com/image/thumb/Music114/v4/50/9d/cb/509dcbad-974d-93d6-4e38-a5eb3fe4f5fc/9786073185028.jpg/626x0w.jpg,No importa si eres vendedor director comercial o emprendedor Vendes o vendes será tu guía para vender efectivamente tus productos tus ideas y a ti mismo. Grant Cardone revela las técnicas y los acercamientos necesarios para manejar como experto el arte de vender en cualquier lugar. Aprenderás cómo manejar el rechazo revertir las situaciones negativas acortar los ciclos de venta y garantizar tu grandeza.te enseñará los puntos esenciales del éxito:Vender en una mala economía Mantenerte positivo a pesar del rechazo.Llenar tu cartera con nuevos clientes.Desafiar la renuencia.
El placebo eres tú,Joe Dispenza,https://is1-ssl.mzstatic.com/image/thumb/Publication6/v4/23/4b/51/234b5176-9153-34ee-ce62-0e3f160fa08c/9788499449319.jpeg/626x0w.jpg,es un auténtico manual de instrucciones para provocar milagros en tu cuerpo en tu salud y en tu vida. Un placebo es una sustancia sin ningún poder farmacológico que sin embargo provoca un efecto positivo en el paciente. ¿Qué pasaría pregunta Joe Dispenza si las personas creyeran en sí mismas en vez de confiar en algo externo? Dispenza nos ofrece infinidad de ejemplos de las posibilidades de la mente para provocar cambios. Lo que es aún más interesante: nos enseña a utilizar la denominada “ciencia de la transformación” para ejercer nuestra capacidad innata de creación en nuestro cuerpo y en nuestra vida.
Empieza con el porqué,Simon Sinek,https://is1-ssl.mzstatic.com/image/thumb/Publication221/v4/07/69/ca/0769ca6b-80bf-4898-d12f-5c4b7610a752/9788417180805.jpeg/626x0w.jpg,Para Sinek lo importante no es tanto qué es lo que haces como el porqué lo haces. Lo esencial es saber por qué haces lo que haces por qué existes. Aprender a formular las preguntas adecuadas te permitirá tener una empresa inspiradora proyectos innovadores y gente comprometida para desarrollarlos. Sinek explica cómo crear el marco adecuado en una organización para conseguir esos propósitos. 
El juego interior del tenis,W. Timothy Gallwey,https://is1-ssl.mzstatic.com/image/thumb/Publication221/v4/b4/13/7d/b4137ddd-8934-ab3a-bf5a-925429c17e50/1051811998.jpg/626x0w.jpg, Muchas veces somos nuestro peor enemigo. No es el adversario externo el que nos derrota sino nuestras propias dudas nuestro propio miedo y nuestra falta de concentración. El Juego Interior del Tenis nos muestra la forma de superar estos obstáculos y de lograr un óptimo desempeño.Si practicas el tenis te enseñará a mejorar tu juego a aprender con más rapidez y eficacia y a confiar más en la sabiduría natural de tu cuerpo. Si no lo practicas te ayudará a desarrollar habilidades para tener éxito en cualquier tipo de juego o en cualquier actividad.
La disciplina marcará tu destino,Ryan Holiday,https://is1-ssl.mzstatic.com/image/thumb/Publication116/v4/9d/7e/96/9d7e9687-141e-4154-46e0-45ca73fc5561/9788417992682.jpg/626x0w.jpg,Un inspirador tributo al poder y la promesa de la autodisciplina.Ryan Holiday defiende la templanza como la virtud más importante gobernar en lugar de ser gobernado; a establecer tus propios límites; a marcar tus propios hábitos.En una época de excesos y desorden la autodisciplina es ahora más necesaria que nunca. ¿Te atreves a cavar hondo para encontrarla? Y más importante ¿la usarás? Solo con autodisciplina podrás dirigir tu vida rumbo a la verdadera realización.
Si no eres el primero; Eres el último,Grant Cardone,https://is1-ssl.mzstatic.com/image/thumb/Publication62/v4/a2/5a/da/a25adad3-0def-2d29-62e5-8351b635f9a9/mzm.bhpauauc.jpg/626x0w.jpg,Olvídate de pretextos este libro te dará estrategias comprobadas que te harán un mejor vendedor empresario y persona al tiempo que te lleva hacia una nueva libertad financiera.En estos tiempos se ha vuelto más complicado vender cualquier producto mantener contentos a los clientes y obtener hasta la más mínima ventaja.Imagina que puedas venderte a ti mismo de manera efectiva y contundente que tengas la gran capacidad de robar mercado a tus competidores a través de una fórmula precisa para aumentar tus ventas y conseguir tus objetivos. 
El libro de los cinco anillos, Miyamoto Musashi,https://is1-ssl.mzstatic.com/image/thumb/Publication122/v4/32/67/f1/3267f102-8071-7ffe-ecbc-c631440c7436/1038831457.jpg/626x0w.jpg,mantenga las artes marciales en su espíritu y practique diligentemente; y puesto que su espíritu está preparado para combatir en cualquier terreno podrá vencer a los demás por medio del espíritu. Cuando alcance este punto ¿cómo podría ser derrotado por los demás?Musashi se da cuenta desde muy joven de la verdadera potencia de su técnica y comienza a estudiar con más profundidad su propio estilo y el de sus contrincantes desarrollando una técnica superior. Escrito no sólo para los hombres de armas pretende de manera explícita simbolizar procesos de lucha y de maestría en todos los campos de la vida; por ello se ha mantenido como lectura obligatoria para líderes y grandes estrategas.
Insanely Simple: The Obsession That Drives Apple's Success, Ken Segall,https://is1-ssl.mzstatic.com/image/thumb/Publication/v4/05/ef/af/05efafa4-10d5-53fc-0985-2c38154be882/9781101572047.jpg/626x0w.jpg,Simplicity isn’t just a design principle at Apple—it’s a value that permeates every level of the organization. The obsession with Simplicity is what separates Apple from other technology companies. It’s what helped Apple recover from near death in 1997 to become the most valuable company on Earth in 2011.Segall has a unique perspective given his years of experience creating campaigns for other iconic tech companies including IBM Intel and Dell. It was the stark contrast of Apple’s ways that made Segall appreciate the power of Simplicity and inspired him to help others benefit from it.
Los Fundadores,Jimmy Soni,https://is1-ssl.mzstatic.com/image/thumb/Publication126/v4/91/20/77/912077f5-6ac7-b066-8839-065e1889868d/1040091942.jpg/626x0w.jpg,A través de cientos de entrevistas y acceso a material nunca antes compartido Jimmy Soni nos relata la historia de los primeros empleados de Paypal (Elon Musk Amy Rowe Klement Peter Thiel y Julie Anderson entre otros) considerados la red más poderosa de la industria tecnológica y fundadores de gran parte de lo que conforma nuestro mundo actual.Jimmy Soni explora los primeros días turbulentos de PayPal. Con cientos de entrevistas y acceso sin precedentes a miles de páginas de material interno muestra cómo las semillas de gran parte de lo que da forma a nuestro mundo actual (empresas emergentes digitales de rápido crecimiento las criptomonedas transferencia de dinero móvil) se plantaron hace dos décadas atrás.
Una Vida Sin Limites, Alejandra Llamas,https://is1-ssl.mzstatic.com/image/thumb/Publication123/v4/1b/9d/7e/1b9d7e5b-0463-be8e-a4d9-717136794757/9786073185349.jpg/626x0w.jpg, Alejandra Llamas realiza un profundo análisis sobre la conexión que debe tener todo ser humano con su mundo interno para lograr alejarse del miedo y acercarse a la unión y al amor.A través de 45 versos fundamentales del Tao Te Ching texto ancestral clásico chino atribuido al filósofo Lao Tsé. Una vida sin límites se constituye como una herramienta para entender y ver de manera positiva nuestro entorno y lograr nuestra paz interior. Este libro nos invita a dejarnos llevar por el camino del Tao para reflexionar y alcanzar la serenidad.
El Efecto,Sonia González Boysen,https://is1-ssl.mzstatic.com/image/thumb/Publication/v4/14/8e/3f/148e3f50-56a9-1075-6e70-af0f204de7b4/9781602558885.jpg/626x0w.jpg,Aún cuando permanezcan callados herméticos tímidos e inexpresivos todos los individuos transmiten “algo” desde su esencia particular y única.Ese “soplo” vivencial y personal no se oye ni se ve ni se siente pero usted lo exhala desde su interior sobre las personas lo infunde en el ambiente y hasta parece que lo deja impregnado en su en torno. Es su maravillosa huella. Su marca personal.Es su diferencial indescriptible intangible y fantástico que lo conecta de manera exclusiva con los demás y lo hace único e irrepetible.
El poder de la integridad,Kelley Kosow,https://is1-ssl.mzstatic.com/image/thumb/Publication114/v4/e4/5f/dd/e45fdd97-7753-972b-5154-1c8530608684/1032894287.jpg/626x0w.jpg,Como afirma Kelley Kosow: ¿Recuerdas la última vez que te prometiste decir lo que pensabas en una reunión de trabajo pero permaneciste sentado en silencio? Cada vez que te muerdes la lengua ahogas tu integridad. Integridad no significa perfección. No es una estrategia sino una manera de vivir en consonancia con quien realmente somos.El poder de la integridad te enseña a empezar a vivir la vida a tu manera a enfrentarte al miedo a la vergüenza y a las creencias erróneas para a partir de ahí empezar a vivir la vida según tus principios y desde tu verdadera esencia.Transforma tus limitaciones y conecta con tus capacidades infinitas.Tu integridad es tu poder.
Law of Success,Napoleon Hill,https://is1-ssl.mzstatic.com/image/thumb/Publication211/v4/aa/bd/2f/aabd2f82-befe-0944-9007-a9881566947c/1062335359.jpg/626x0w.jpg,Whatever the mind can conceive and believe it can achieve. More than a guide to financial success. The Law of Success is a philosophy of life a system for unlocking human potential mastering your mindset and creating a life of abundance purpose and influence.With clarity conviction and timeless wisdom Hill teaches that success begins within—with thoughts habits and the courage to turn vision into reality.
El arte de conquistar lectores,Pilar Gordoa,https://is1-ssl.mzstatic.com/image/thumb/Publication211/v4/8c/63/b8/8c63b8ee-ca53-f553-625f-6a9df656a041/9786073845694.jpg/626x0w.jpg,En un mundo cada vez más competitivo en el que existe una saturación de productos y donde una nueva era digital está desafiando a todas las industrias resulta de vital importancia que replanteemos el rol que juega el marketing editorial.Con una visión clara y perspicaz este libro es una herramienta invaluable para todos los interesados en los contenidos desde autores hasta editores especialistas en marketing y público en general para comprender cómo nace un impulso creativo que convierte a las ideas en realidad y más tarde se eleva en un arte muy específico: el arte de conquistar lectores.
La vida bien vivida, Gladys McGarey,https://is1-ssl.mzstatic.com/image/thumb/Publication116/v4/8d/53/bf/8d53bfba-60e6-412d-1100-629eae4279a6/9786073902199.jpg/626x0w.jpg,La salud no requiere vivir en un cuerpo libre de problemas así como la felicidad no requiere que vivamos una vida libre de dificultades.La doctora Gladys McGarey madre de la medicina holística es una de las médicas más activas y reconocidas en el mundo. A sus 102 años revela los secretos sobre cómo vivir con alegría vitalidad y con un propósito a cualquier edad. Su enfoque parece opuesto a la intuición: para vivir una vida plena y sin enfermedades no conserves energía empléala sin restricciones; en lugar de buscar reconocimientos individuales trabaja en equipo; permanecer en tu zona de confort te atará a tus dolores solo el movimiento te ayudará a superarlos.
Sin querer queriendo, Roberto Gómez Bolaños,https://is1-ssl.mzstatic.com/image/thumb/Publication221/v4/a5/db/38/a5db38c8-dac8-88e3-c404-fd73ed664963/9786071110565.jpg/626x0w.jpg,Esta autobiografía del genial Chespirito escrita con su humor inconfundible nos descubre el corazón de un hombre íntegro que ha hecho del noble oficio de entretener un auténtico arte.Sin querer queriendo es un testimonio apasionante de las andanzas; luchas y triunfos de un hombre que supo conquistar el mundo del espectáculo mediante el trabajo la tenacidad y el sentido humano. A través de innumerables anécdotas; las hay curiosas e insólitas trágicas y cómicas. Gómez Bolaños relata sus travesuras de infancia; sus pendencias de juventud; su ingreso casi fortuito al mundo de la radio y la televisión la manera en que nacieron personajes entrañables y muchos otros aspectos de su vida y su trabajo. 
Sincrodestino,Deepak Chopra,https://is1-ssl.mzstatic.com/image/thumb/Publication71/v4/04/34/c1/0434c104-10c2-bb88-f033-016e3b55d000/9786073150552.jpg/626x0w.jpg,De vez en cuando suceden coincidencias que a primera vista no tienen el menor significado o alguna razón de ser en especial pero que llaman la atención.Deepak Chopra presenta ahora Sincrodestino obra en donde muestra el poder de las coincidencias significativas y la manera de identificarlas en medio del cúmulo de sucesos cotidianos con la finalidad de utilizarlas e interpretar los mensajes que ofrecen. Una vez que se dominan los principios de las sincronías y se encuentra su lazo con el propio destino se pueden utilizar para crear abundancia en todas las áreas de la vida.Cada una de ellas esas coincidencias transmite un potencial milagroso. Sólo hay que entender las fuerzas que las provocan y lograremos vivir en un nivel más profundo y acceder al núcleo de nuestra existencia
Cómo hacer que las cosas pasen,Guillermo Echevarria,https://is1-ssl.mzstatic.com/image/thumb/Publication113/v4/b5/6e/56/b56e562a-b367-aa8a-2c02-f6eed43ce1a3/1031313479.jpg/626x0w.jpg,Cómo hacer que las cosas pasen es un libro para personas que quieren que empiece a pasar algo diferente en sus vidas. Para hacer que las cosas pasen es clave que entrenes tu creatividad para ser más grande que tus desafíos. En la obra se abordan temas como:Tratar con personas difíciles  Crecer profesionalmente cuando no reconocen tu valor.Superar el autoboicot y la postergación.Convertir imprevistos en oportunidades.Rehacer tu vida y construir un futuro que te apasione.Cambiar más rápido y con menos estrés.Inspirarte para dar tu mejor versión.
Trabaja duro trabaja con astucia,Curtis Jackson,https://is1-ssl.mzstatic.com/image/thumb/Publication115/v4/3b/fa/61/3bfa615a-c9a6-c003-dfa5-ace6b0160036/1033773126.jpg/626x0w.jpg,Debes entender que no existe eso de lograrlo; que no importa cuánto dinero fama o éxito obtengas el futuro traerá más dificultades más drama más obstáculos; la meta no es sólo ser exitoso sino conservar ese éxito. yo lo aprendí por las malas y es una habilidad que te voy a enseñar en este libro. Jackson llegó a la cima se desplomó y volvió a subir;Comparte las reglas y estrategias que le permitieron retomar y conservar su lugar en la cima. Un libro imprescindible que te permitirá sobreponerte a las crisis adaptarte a los cambios y cumplir todas tus metas con dedicación y confianza en ti mismo.
El poder de la palabra hablada,Florence Scovel Shinn,https://is1-ssl.mzstatic.com/image/thumb/Publication112/v4/50/42/cd/5042cd90-b74c-fce5-5a36-4fbd4d652d0e/1038621734.jpg/626x0w.jpg,Si sigues el camino mágico de la intuición huirás de todas las dificultades y crearás un camino recto hacia tu demostración. Escuchar a la intuición y tener fe en la Guía Divina que habita en nuestro interior es lo que Florence Scovel Shinn afirma como la manera plena de vivir. Todos estamos íntegramente dotados para cumplir con nuestro Plan Divino pero primero debemos erradicar de nuestra mente las dudas los miedos las críticas y los odios que son nuestros reales enemigos y tener fe en que podemos permanecer por encima de todas las situaciones desfavorables que la vida nos presenta sintiéndonos felices de ser nosotros mismos dejando libre a la razón confiando en la Ley Espiritual y usando las palabras precisas.
The Creative Act,Rick Rubin,https://is1-ssl.mzstatic.com/image/thumb/Publication122/v4/a3/c3/73/a3c37376-b40b-d71f-9f18-78c2f9d08831/9780593653425.d.jpg/626x0w.jpg,From the legendary music producer a master at helping people connect with the wellsprings of their creativity comes a beautifully crafted book many years in the making that offers that same deep wisdom to all of us.I set out to write a book about what to do to make a great work of art. Instead it revealed itself to be a book on how to be.  Over the years as he has thought deeply about where creativity comes from and where it doesn’t he has learned that being an artist isn’t about your specific output it’s about your relationship to the world. Creativity has a place in everyone’s life and everyone can make that place larger. In fact there are few more important responsibilities.
Beneath the Surface,Michael Phelps,https://is1-ssl.mzstatic.com/image/thumb/Publication113/v4/51/7d/3e/517d3edd-f3dd-5cc2-3083-65adb9714d86/9781613213247.jpg/626x0w.jpg,Prepare to peek into the mind of a champion known as the most decorated Olympian of all time with 28 medals including 23 gold. In this candid memoir Phelps talks openly about his battle with attention deficit disorder the trauma of his parents’ divorce and the challenges that come with being thrust into the limelight
¿Envejeces o rejuveneces?,Sari Arponen,https://is1-ssl.mzstatic.com/image/thumb/Publication211/v4/6c/59/bc/6c59bc67-9654-7bd6-f9ad-822e7d4e6130/9788413444130.jpg/626x0w.jpg,Dale vida a los años y no sólo años a la vida.puedes optar por rejuvenecer mientras cumples años. Depende de tus decisiones: la longevidad saludable no es un mito sino una realidad al alcance de tu mano si conoces las herramientas adecuadas.la Dra. Sari Arponen explora los conceptos de edad salud y envejecimiento desde nuestras raíces evolutivas hasta los últimos avances en células madre o terapias génicas.Profundiza en una reflexión honesta incluso incómoda sobre cómo percibimos la muerte y nuestra humanidad.Pautas concretas y realistas para una larga vida repleta de bienestar.Para vivir mejor mañana cada decisión que tomas hoy cuenta.
La vía rápida del millonario,MJ DeMarco,https://is1-ssl.mzstatic.com/image/thumb/Publication118/v4/e7/45/3d/e7453d84-b95e-adc6-b60b-87ee375a3930/1027097383.jpg/626x0w.jpg,Hay una carretera oculta que conduce a la riqueza y la libertad financiera un atajo que puede recorrerse a una velocidad deslumbrante. Jubilarte cuatro décadas antes de lo habitual y llevar una vida que la mayoría no puede permitirse es posible. Sin embargo nos han inculcado el dogma de hazte rico poco a poco un plan asfixiante con una ligera posibilidad de obtener riquezas en nuestra vejez: Ve a la universidad saca buenas notas gradúate consigue un buen trabajo ahorra invierte contrata un plan de pensiones. Entonces algún día cuando tengas sesenta y cinco años serás rico.No permitas que tu plan financiero consista en tener esperanzas y rezar! Cambia de carril; ve por la vía rápida y haz realidad tus sueños.
Cómo ganar amigos,Dale Carnegie,https://is1-ssl.mzstatic.com/image/thumb/Publication116/v4/22/20/b2/2220b227-f639-025f-c1ea-42f85e449bc5/1040101972.jpg/626x0w.jpg,Clásico absoluto de las relaciones humanas es un compendio de principios y verdades que aun hoy no han sido aún superados. Cuando inició este proyecto Dale Carnegie decidió aplicar en él su gran conocimiento sobre las personas sus dotes de observación y su experiencia profesional y el resultado fue un tratado de psicología cotidiana que no ha perdido ni un ápice de actualidad y que en buena medida es el origen del marketing moderno. Según Carnegie el éxito económico depende en un 15 por ciento del conocimiento profesional y en un 85 por ciento de la capacidad para expresar ideas asumir el liderazgo y despertar entusiasmo en los demás.Carnegie nos muestra las técnicas fundamentales para ser empáticos y gustar a los demás comprender sus puntos de vista y saber convencer de nuestras propias ideas sin causar resentimiento.
La psicología del dinero,Morgan Housel,https://is1-ssl.mzstatic.com/image/thumb/Publication122/v4/af/91/e6/af91e624-1850-7aef-661a-dc9f390922c7/9788408247265.jpg/626x0w.jpg,En cuestiones de dinero lo que importa no es lo listo que seas sino cómo te comportas.Tendemos a pensar en la inversión o la gestión de las finanzas personales como una disciplina matemática en la que los datos y las fórmulas nos dicen exactamente qué hacer. Sin embargo el rasgo que define a las personas que logran enriquecerse no es su destreza con los números ni su salario o su talento sino su historia personal sus motivaciones y su visión única del mundo.Este libro llamado a convertirse en un clásico de las finanzas personales nos provee del conocimiento esencial para entender la psicología del dinero y nos invita a hacernos una pregunta fundamental que raramente nos hacemos cuál es nuestra relación con el dinero y qué queremos realmente de él.
Focus,Daniel Goleman,https://is1-ssl.mzstatic.com/image/thumb/Publication118/v4/d8/be/4e/d8be4e57-1bde-6d42-4d18-27d808ae1340/1023237066.jpg/626x0w.jpg,La práctica de la atención y de focalizar es como un músculo. Si no lo utilizamos se debilita; si lo ejercitamos se desarrolla y fortalece.Las personas que logran un máximo rendimiento (ya sea en la educación los negocios el deporte o las artes) utilizan intuitivamente formas de focalización y de atención plena. El quid no está en practicar la concentración durante muchas horas sino en la forma como prestamos atención a lo que hacemosy como absorbemos los feedbacks para autocorregirnos. Incluso el divagar mentalmente puede ser beneficioso.El antídoto para la fatiga mental es el mismo que para la fatiga física:tomar un descanso y sumergirse en una actividad completamente diferente (pasear disfrutar de la naturaleza charlar con amistades.
Crea tu segundo cerebro,Tiago Forte,https://is1-ssl.mzstatic.com/image/thumb/Publication116/v4/59/b3/fa/59b3fa37-fbf8-d31a-6825-eca6e50d18a1/1042051258.jpg/626x0w.jpg,Un sistema revolucionario para mejorar tu productividad pensar de forma más creativa y recordar y poner en práctica tus mejores ideas.Por primera vez en la historia tenemos acceso instantáneo a todo el conocimiento que existe. Nunca ha habido un mejor momento para aprender crear cosas nuevas y mejorar. Sin embargo ese flujo continuo de información a menudo nos abruma en lugar de empoderarnos. El mismo conocimiento que se suponía que debía liberarnos nos ha llevado al estrés paralizante de creer que nunca sabremos o recordaremos lo suficiente.Descubre todo el potencial de tus ideas y transforma lo que sabes en mejoras más potentes y significativas en tu trabajo y en tu vida creando un segundo cerebro.
La magia de ser tú mismo,Osho,https://is1-ssl.mzstatic.com/image/thumb/Publication126/v4/ef/7d/ff/ef7dff30-4b0f-72c9-862f-6a970171cbc7/9788425350252.jpg/626x0w.jpg,Las enseñanzas de Osho para seguir en nuestro camino de despertar y encontrarnos a nosotros mismos.La magia de ser tú mismo es la respuesta que hallamos cuando empezamos a buscarnos y no encontramos objetividad sino subjetividad y este descubrimiento es como una bendición como un éxtasis que permite que dejemos de buscar el camino hacia el paraíso allí fuera.Parte de nuestra experiencia cotidiana está moldeada por la religión y los condicionantes sociales y ni siquiera somos conscientes de ello. Osho nos explica que constantemente estamos siendo pulidos de la única naturaleza con la que cada uno de nosotros ha nacido. Esta única y original naturaleza es reemplazada por nuestro falso yo el ego que toma las riendas y el control de nuestra creatividad lo que significa para nosotros tener éxito nuestras relaciones personales y la experiencia personal de quien somos.
¿Demasiado inteligente para ser feliz?,Jeanne Siaud-Facchin,https://is1-ssl.mzstatic.com/image/thumb/Publication126/v4/f3/59/9c/f3599c48-8934-2e31-d37c-6e187c4ac321/9788449329906.jpg/626x0w.jpg,¿Cómo puedo saber si soy superdotado? En caso de serlo ¿es posible que una gran inteligencia implique una sensibilidad exacerbada? ¿Puede aumentar también la fragilidad emocional e incluso causar sufrimiento? Ser superdotado es un don pero a su vez es un talento que puede suscitar un sentimiento de inadaptación una impresión de estar permanentemente fuera de lugar.¿Cómo puedo vivir de la mejor manera posible? ¿Cómo puedo aprovechar todos mis recursos? En ¿Demasiado inteligente para ser feliz? Jeanne Siaud-Facchin nos ofrece recursos y consejos para comprender y convivir mejor con este tipo de personalidad y conseguir que las personas con altas capacidades se sientan mejor consigo mismas y con la gente que les rodea.
Cartas para un ciego que creía ver,Santiago Molano,https://is1-ssl.mzstatic.com/image/thumb/Publication221/v4/dc/a6/c3/dca6c307-d0df-f79c-a64f-8eb698928a7c/9786287707405.jpg/626x0w.jpg,Deja de ser víctima y conviértete en el protagonista de tu vida.Soñamos con cambiar el mundo y creemos que todo lo malo viene del exterior sin entender que es dentro de nosotros que debe iniciar cualquier transformación.Este libro busca ayudarnos a cambiar la narrativa de víctima para asumir la responsabilidad sobre las decisiones que hemos tomado y que han definido nuestra vida. Es un llamado a observarnos en el espejo con objetividad pues solo así podremos hacernos cargo de nosotros mismos.Santiago Molano es un convencido de que en la propia historia se encuentra la clave para despertar. Por eso a través de cartas dirigidas a su Querido Santiago busca hacer un ejercicio de autoconocimiento en el que nos invita a reflexionar para entender quién es ese al que llamamos yo y qué lo mueve a reaccionar como lo hace.
Haz de tu vida una obra de arte,Enrique Quezadas,https://is1-ssl.mzstatic.com/image/thumb/Publication221/v4/79/43/1f/79431f51-de27-c0bb-7df5-a142ad7e8d65/1042007003.jpg/626x0w.jpg,Pasamos por un momento de transformación planetaria. Millones de personas quieren despertar su consciencia para trascender y hacer renacer la civilización y ese despertar pasa por el autodescubrimiento y la búsqueda de la virtud la paz interior y la sabiduría que se acerca más a la sencillez que a la acumulación de conocimiento.Este libro es un viaje de iluminación que nos enseña a no vivir enajenados por falsas necesidade a entender que la belleza no está en las cosas sino en la mirada del observador a sentir el amor como la energía universal que todo lo mueve.No se trata de ser mejores se trata de sentirnos mejor de encontrar el equilibrio y de armonizarnos con el tiempo. Estamos cerrando un ciclo. Dejemos que lo viejo termine de morir para que lo nuevo pueda nacer.
Brief Answers to the Big Questions,Stephen Hawking,https://is1-ssl.mzstatic.com/image/thumb/Publication118/v4/44/ae/a5/44aea524-63f1-726a-2829-f57fe699a487/9781984819208.jpg/626x0w.jpg,Stephen Hawking was the most renowned scientist since Einstein.He educated millions of readers about the origins of the universe and the nature of black holes.Hawking not only unraveled some of the universe’s greatest mysteries but also believed science plays a critical role in fixing problems here on Earth. Now as we face immense challenges on our planet—including climate change the threat of nuclear war and the development of artificial intelligence—he turns his attention to the most urgent issues facing us.Will humanity survive? Should we colonize space? Does God exist? ​​These are just a few of the questions Hawking addresses in this wide-ranging passionately argued final book from one of the greatest minds in history.
Las 48 leyes del poder,Robert Greene,https://is1-ssl.mzstatic.com/image/thumb/Publication123/v4/2c/17/cf/2c17cf19-ccda-acb8-87b0-e4d99fd9b53e/1027936580.jpg/626x0w.jpg,Amoral inmisericorde despiadada y sobre todo muy instructiva esta incisiva obra concentra tres mil años de historia del poder en cuarenta y ocho leyes claras y concisas. Robert Greene detalla las leyes del poder en su esencia más cruda sintetizando el pensamiento de Maquiavelo; Sun Tzu; Carl von Clausewitz y otros grandes teóricos y estrategas. Algunas leyes sugieren la prudencia (Ley n° 1: nunca le haga sombra a su amo); otras el sigilo (Ley n° 3: disimule sus intenciones); otras más una total falta de piedad (Ley n° 15: aplaste por completo a su enemigo). Pero nos guste o no todas tienen aplicaciones en la vida cotidiana. Ilustradas mediante anécdotas de Isabel II; Henry Kissinger; P.T. Barnum y otras figuras que han esgrimido el poder (o que lo han padecido) estas leyes fascinarán a cualquiera que se interese en todas las manifestaciones del control total.
Limpia tus genes,Ben Lynch,https://is1-ssl.mzstatic.com/image/thumb/Publication128/v4/eb/97/70/eb9770b4-9e2f-3051-e64b-7fabcf9ce6e3/9786073173582.jpg/626x0w.jpg,¡Tus genes no son tu destino!Tal vez siempre has pensado en tus genes como un plan maestro con instrucciones inalterables que afectan cuán sano o qué tan propenso eres a la cardiopatía la ansiedad los desórdenes digestivos o autoinmunes e incluso al cáncer o la diabetes. Sin embargo ocurre justo lo contrario: son nuestros hábitos alimentación y estilo de vida los que modifican constantemente nuestra expresión genética e influyen de manera determinante en nuestra salud.El secreto está en nuestros genes sucios o las variaciones hereditarias que nos predisponen para la enfermedad. Y tras años de investigación en la nueva ciencia de las anormalidades genéticas y de brindar tratamiento a miles de pacientes el doctor Ben Lynch traduce los últimos descubrimientos en este campo en un protocolo probado de tres fases que incluye acciones concretas.¿Estás listo para gozar de una salud insólita? Limpia tus genes y recupera el control de tu destino hoy.
El viaje de Andrés,Svend Brinkmann,https://is1-ssl.mzstatic.com/image/thumb/Publication115/v4/b7/9c/c8/b79cc8bb-33bd-9f6b-7104-1884d1d87048/1034313484.jpg/626x0w.jpg,¿Qué es el ser humano? Alrededor de Andrés todo eran preguntas profundas: ¿quién eres? ¿qué quieres? ¿qué te hace feliz? Sin embargo jamás se había cuestionado el sentido de la existencia misma. Jamás… hasta la lectura de un misterioso manuscrito durante un viaje de aprendizaje que cambiará su vida. Andrés es un adolescente introvertido que atraviesa una depresión. Cuando más necesita cambiar de aires Ana su abuela paterna le propone recorrer Europa en tren juntos. Por desgracia Ana cae gravemente enferma. Consciente de que ya no podrá acompañarlo le anima a embarcarse en ese viaje planeado. Incluso le regala una maleta de libros para que lo acompañen. De todos ellos le insiste en leer ¿Qué es el ser humano? un manuscrito filosófico que le guiará en la comprensión de la especie humana. Andrés sube al tren solo y sin conocer su destino. Ana lo conduce a través de Skype hacia una fascinante ruta por distintos países. Se cruza con un sinfín de personas conoce famosas obras artísticas y visita lugares emblemáticos de la historia europea hasta alcanzar lo más importante en la vida: el sentido de la existencia humana.
Relentless,Tim S Grover,https://is1-ssl.mzstatic.com/image/thumb/Publication115/v4/58/eb/7e/58eb7e2f-81fe-32a5-95d5-ee6728a5d7e9/9781476714219.jpg/626x0w.jpg,For more than two decades legendary trainer Tim Grover has taken the greats—Michael Jordan; Kobe Bryant; Dwyane Wade and hundreds of relentless competitors in sports business and every walk of life—and made them greater. Now for the first time ever he reveals what it takes to achieve total mental and physical dominance showing you how to be relentless and achieve whatever you desire.Direct blunt and brutally honest Grover breaks down what it takes to be unstoppable: you keep going when everyone else is giving up you thrive under pressure you never let your emotions make you weak. Relentless shows you how to trust your instincts and get in the Zone; how to control and adapt to any situation; how to find your opponent’s weakness and attack.Grover gives you the same advice he gives his world-class clients—don’t think—and shows you that anything is possible. Relentless shows you how even the best get better and how you can too.
La filosofía del éxito,Napoleón Hill,https://is1-ssl.mzstatic.com/image/thumb/Publication116/v4/8c/3c/bd/8c3cbd23-ff8a-f4a6-8d4e-7853d8a35189/9788413441535.jpg/626x0w.jpg,Napoleón Hill te da las claves para alcanzar el éxito la felicidad y la tranquilidad de espíritu. Líbrate de las limitaciones que te autoimpones y disfruta de la riqueza de la vida.Trabajar para conseguir tu objetivo será más fácil y productivo si conviertes estas enseñanzas en tus nuevos hábitos. Aprende a definir tu meta en la vida a ser una persona proactiva y con iniciativa a mantener a raya las emociones negativas y a ganarte la confianza de los demás. Si lo haces tu nueva actitud te allanará el camino mucho más de lo que puedas imaginar.Usa esta obra como lo que es: la brújula que guio a un hombre que no sólo se hizo a sí mismo sino que fue capaz de alcanzar todas las metas que se propuso. Porque además de compartir los principios fundamentales del éxito Napoleon Hill te da instrucciones detalladas sobre cómo aplicarlos. ¡Define tu norte y dirígete hacia él sin perder más tiempo!
El yoga de Jesús,Paramahansa Yogamanda,https://is1-ssl.mzstatic.com/image/thumb/Publication116/v4/61/c6/0a/61c60a8d-bcd8-6a9c-335c-d97e5dec683e/TYOJ_S_FrontCover.jpg/626x0w.jpg,Jesús impartió enseñanzas que a primera vista parecen simples pero que son mucho más profundas de lo que la mayoría de la gente supone.En [sus enseñanzas] se incluye toda la ciencia del yoga el camino transcendental para alcanzar la unión divina a través de la meditación.En esta extraordinaria obra Paramahansa Yogananda revela la ciencia del yoga que se halla oculta en los Evangelios y confirma que Jesús al igual que los antiguos sabios y maestros de Oriente no sólo conocía el yoga sino que enseñó a sus discípulos más cercanos esta ciencia universal cuya finalidad es alcanzar la unión con Dios. Este libro es una concisa recopilación de una obra profusamente elogiada del autor y publicada en tres volúmenes La Segunda Venida de Cristo: La resurrección del Cristo que mora en tu interior cuya profunda visión espiritual trasciende los siglos de dogmas e interpretaciones erróneas que han ensombrecido las enseñanzas originales de Jesús y muestra que él enseñó un sendero unificador por medio del cual los buscadores de todas las religiones tienen la posibilidad de entrar en el reino de Dios.
Hit Refresh,Satya Nadella,https://is1-ssl.mzstatic.com/image/thumb/Publication128/v4/98/1a/52/981a52c1-399c-9f2a-aa5b-a9b67fee4a5f/9780062652515_marketingimage.jpg/626x0w.jpg,At the core Hit Refresh is about us humans and the unique quality we call empathy which will become ever more valuable in a world where the torrent of technology will disrupt the status quo like never before.Ideas excite me Nadella explains. Empathy grounds and centers me. Hit Refresh is a set of reflections meditations and recommendations presented as algorithms from a principled deliberative leader searching for improvement for himself for a storied company and for society.
Trillion Dollar Coach,Eric Schmidt.Jonathan Rosenberg.Alan Eagle,https://is1-ssl.mzstatic.com/image/thumb/Publication123/v4/c1/e7/21/c1e7217e-6405-e32a-3863-20f1eac464a8/9781473675995.jpg/626x0w.jpg,Bill Campbell played an instrumental role in the growth of several prominent companies such as Google Apple and Intuit fostering deep relationships with Silicon Valley visionaries including Steve Jobs; Larry Page; and Eric Schmidt. In addition this business genius mentored dozens of other important leaders on both coasts from entrepreneurs to venture capitalists to educators to football players leaving behind a legacy of growing companies successful people respect friendship and love after his death in 2016.Leaders at Google for over a decade Eric Schmidt; Jonathan Rosenberg and Alan Eagle experienced firsthand how the man fondly known as Coach Bill built trusting relationships fostered personal growth  even in those at the pinnacle of their careers  inspired courage and identified and resolved simmering tensions that inevitably arise in fast-moving environments. To honor their mentor and inspire and teach future generations they have codified his wisdom in this essential guide.
